ABBloodGroupTestResult,9_1_8655
presence,Existentiality
ABloodGroupTest,9_1_12930
BBloodGroupTest,9_1_12933
ABOBloodGroupTest,9_1_12929
InvestigationAct,9_1_4701
Existentiality,Modality
BloodGroupAAntigenOrBloodGroupBAntigen,BloodGroupAntigen
Blood,SoftTissue
Blood,23_1_2486
BloodGroupAAntigen,BloodGroupAAntigenOrBloodGroupBAntigen
ABloodGroupTestResult,9_1_8656
Aardvark,Tubulidentata
Tubulidentata,NonHuman
Tubulidentata,Eutheria
Aardwolf,Proteles
Proteles,Hyaenidae
Abacavir,NAMEDActiveDrugIngredient
NAMEDActiveDrugIngredient,ActiveDrugChemicalIngredient
Abciximab,NAMEDActiveDrugIngredient
Abdomen,NAMEDTrunkBodyPart
Abdomen,23_1_4
Abdomen,23_1_5
Abdomen,23_1_6
Abdomen,23_1_7
Abdomen,23_1_8
Abdomen,23_1_9
Abdomen,23_1_10
Abdomen,23_1_11
Abdomen,23_1_12
Abdomen,23_1_13
Abdomen,23_1_16
Abdomen,23_1_17
NAMEDTrunkBodyPart,NAMEDSurfaceBodyPart
AbdominalCavity,9_1_858
AbdominalCavity,23_1_35
AbdominalCavity,23_1_36
AbdominalCavity,23_1_37
AbdominalCavity,23_1_38
AbdominalCavity,23_1_39
AbdominalCavity,23_1_40
AbdominalCavity,23_1_41
AbdominalCavity,23_1_42
AbdominalCavity,23_1_43
AbdominalCavity,23_1_44
AbdominalCavity,23_1_45
AbdominalCavity,23_1_46
AbdominalCavity,23_1_47
AbdominalCavity,23_1_48
AbdominalCavity,23_1_49
AbdominalCavity,23_1_50
AbdominalCavity,23_1_51
AbdominalCavity,23_1_52
AbdominalCavity,23_1_53
AbdominalCavity,23_1_54
AbdominalCavity,23_1_55
AbdominalCavity,23_1_56
AbdominalCavity,23_1_57
AbdominalCavity,23_1_58
AbdominalCavity,23_1_59
AbdominalCavity,23_1_60
AbdominalCavity,23_1_61
AbdominalCavity,23_1_62
AbdominalCavity,23_1_63
AbdominalCavity,23_1_64
AbdominalCavity,23_1_65
AbdominalCavity,23_1_66
AbdominalCavity,23_1_67
AbdominalCavity,23_1_68
AbdominalCavity,23_1_69
AbdominalCavity,23_1_70
AbdominalCavity,23_1_71
AbdominalCavity,23_1_72
AbdominalCavity,23_1_73
AbdominalCavity,23_1_74
AbdominalCavity,23_1_75
AbdominalCavity,23_1_76
AbdominalCavity,23_1_77
AbdominalCavity,23_1_78
AbdominalCavity,23_1_79
AbdominalCavity,23_1_80
AbdominalCavity,23_1_81
AbdominalCavity,23_1_82
AbdominalCavity,23_1_83
AbdominalCavity,23_1_84
AbdominalCavity,23_1_85
AbdominalCavity,23_1_86
AbdominalCavity,23_1_87
AbdominalCavity,23_1_88
AbdominalCavity,23_1_89
AbdominalCavity,23_1_90
AbdominalCavity,23_1_91
AbdominalCavity,23_1_92
AbdominalCavity,23_1_93
AbdominalCavity,23_1_94
AbdominalCavity,23_1_95
AbdominalCavity,23_1_96
AbdominalCavity,23_1_97
AbdominalCavity,23_1_98
AbdominalCavity,23_1_99
AbdominalCavity,23_1_100
AbdominalCavity,23_1_101
AbdominalCavity,23_1_102
AbdominalCavity,23_1_103
AbdominalCavity,23_1_104
AbdominalCavity,23_1_105
AbdominalCavity,23_1_106
AbdominalCavity,23_1_107
AbdominalCavity,23_1_108
AbdominalCavity,23_1_109
AbdominalCavity,23_1_110
AbdominalCavity,23_1_111
AbdominalCavity,23_1_112
AbdominalCavity,23_1_113
AbdominalCavity,23_1_114
AbdominalCavity,23_1_115
AbdominalCavity,23_1_116
AbdominalCavity,23_1_117
AbdominalCavity,23_1_118
AbdominalCavity,23_1_119
AbdominalCavity,23_1_120
AbdominalCavity,23_1_121
AbdominalCavity,23_1_122
AbdominalCavity,23_1_123
AbdominalCavity,23_1_124
AbdominalCavity,23_1_125
AbdominalCavity,23_1_126
AbdominalCavity,23_1_127
Epigastrium,NAMEDSurfaceSubpart
Epigastrium,23_1_16
Epigastrium,23_1_4529
Epigastrium,23_1_4530
Hypochondrium,NAMEDSurfaceSubpart
Hypochondrium,23_1_440
Hypogastrium,NAMEDSurfaceSubpart
Hypogastrium,23_1_16
IliacRegion,NAMEDSurfaceSubpart
IliacRegion,23_1_440
InguinalRegion,NAMEDTrunkBodyPart
InguinalRegion,23_1_14
InguinalRegion,23_1_440
Loin,NAMEDSurfaceSubpart
Loin,23_1_440
PubicArea,NAMEDSurfaceSubpart
SupraPubicRegion,NAMEDSurfaceSubpart
SupraPubicRegion,23_1_16
UmbilicalRegion,NAMEDSurfaceSubpart
UmbilicalRegion,23_1_16
AnatomicalSurfaceQuadrant,9_1_11169
Topology,Appearance
surfaceHollow,hollow
unpaired,PairedOrUnpairedStatus
Trunk,MajorBodyDivision
Trunk,23_1_16
Trunk,23_1_10726
Trunk,23_1_10727
Trunk,23_1_10728
Trunk,23_1_10729
Trunk,23_1_10730
AbdominalAorta,NAMEDSystemicArtery
AbdominalAorta,23_1_16
AbdominalAorta,23_1_18
AbdominalAorta,23_1_19
AbdominalAorta,23_1_20
AbdominalAorta,23_1_21
AbdominalAorta,23_1_22
AbdominalAorta,23_1_23
AbdominalAorta,23_1_24
AbdominalAorta,23_1_25
AbdominalAorta,23_1_26
AbdominalAorta,23_1_27
AbdominalAorta,23_1_28
AbdominalAorta,23_1_29
NAMEDSystemicArtery,BloodVesselOfSystemicCirculation
NAMEDSystemicArtery,NAMEDArtery
AdrenalArtery,NAMEDSystemicArtery
AdrenalArtery,23_1_419
AdrenalArtery,23_1_420
CeliacTrunk,NAMEDSystemicArtery
CeliacTrunk,23_1_16
CeliacTrunk,23_1_3019
CeliacTrunk,23_1_3020
CeliacTrunk,23_1_3021
CeliacTrunk,23_1_3022
CeliacTrunk,23_1_3023
CommonIliacArtery,IliacArtery
CommonIliacArtery,23_1_614
CommonIliacArtery,23_1_3376
CommonIliacArtery,23_1_3396
CommonIliacArtery,23_1_3397
InferiorMesentericArtery,9_1_4486
InferiorMesentericArtery,23_1_6033
InferiorMesentericArtery,23_1_6034
InferiorMesentericArtery,23_1_6035
InferiorMesentericArtery,23_1_6036
InferiorPhrenicArtery,NAMEDSystemicArtery
InferiorPhrenicArtery,23_1_419
InferiorPhrenicArtery,23_1_6045
LumbarArtery,NAMEDSystemicArtery
LumbarArtery,23_1_440
LumbarArtery,23_1_748
MedianSacralArtery,NAMEDSystemicArtery
MedianSacralArtery,23_1_16
OvarianArtery,NAMEDSystemicArtery
OvarianArtery,23_1_440
OvarianArtery,23_1_7986
RenalArtery,NAMEDSystemicArtery
RenalArtery,23_1_419
RenalArtery,23_1_9112
RenalArtery,23_1_9113
RenalArtery,23_1_9114
RenalArtery,23_1_9115
RenalArtery,23_1_9116
RenalArtery,23_1_9117
RenalArtery,23_1_9118
RenalArtery,23_1_9119
RenalArtery,23_1_9120
RenalArtery,23_1_9121
SuperiorMesentericArtery,9_1_7508
SuperiorMesentericArtery,23_1_10109
SuperiorMesentericArtery,23_1_10110
SuperiorMesentericArtery,23_1_10111
SuperiorMesentericArtery,23_1_10112
SuperiorMesentericArtery,23_1_10113
SuperiorMesentericArtery,23_1_10114
BifurcationOfAbdominalAorta,NAMEDJunction
BifurcationOfAbdominalAorta,23_1_16
BifurcationOfAbdominalAorta,23_1_2425
BifurcationOfAbdominalAorta,23_1_2426
BifurcationOfAbdominalAorta,23_1_2427
DescendingAorta,NAMEDSystemicArtery
DescendingAorta,23_1_16
DescendingAorta,23_1_3983
DescendingAorta,23_1_3984
DescendingAorta,23_1_3985
DescendingAorta,23_1_3986
AbdominalAorticAneurysm,9_1_855
VascularDilatationLesion,9_1_8374
AbdominalApproach,9_1_856
AbdominalApproach,23_1_32
Route,LinearStructure
AbdominalWall,9_1_881
AbdominalWall,23_1_155
AbdominalWall,23_1_156
AbdominalWall,23_1_157
AbdominalWall,23_1_158
AbdominalWall,23_1_159
AbdominalWall,23_1_160
AbdominalWall,23_1_161
AbdominalWall,23_1_162
AbdominalWall,23_1_163
AbdominalWall,23_1_164
AbdominalWall,23_1_165
AbdominalWall,23_1_166
AbdominalWall,23_1_167
anteriorSelection,AnteriorPosteriorPositionSelector
AbdominalBloating,NonnormalSensation
NonnormalSensation,9_1_1283
AbdominalBloatingSensation,InternalSensation
InternalSensation,Sensation
AbdominalBurningPain,9_1_10155
AbdominalPain,23_1_141
PainSymptomCharacter,SymptomCharacter
burningCharacter,PainSymptomCharacterState
AbstractCavity,9_1_13070
PeritonealCavity,9_1_6184
PeritonealCavity,23_1_8372
RetroperitonealSpace,NAMEDBodySpace
RetroperitonealSpace,23_1_74
RetroperitonealSpace,23_1_8372
RetroperitonealSpace,23_1_9201
RetroperitonealSpace,23_1_9202
RetroperitonealSpace,23_1_9203
RetroperitonealSpace,23_1_9204
AccessorySpleen,InternalOrgan
AccessorySpleen,23_1_204
AccessorySpleen,23_1_264
AccessorySpleen,23_1_265
AdrenalGland,NAMEDGland
AdrenalGland,23_1_430
AdrenalGland,23_1_431
AdrenalGland,23_1_433
AdrenalGland,23_1_434
AdrenalGland,23_1_435
AdrenalGland,23_1_436
AdrenalGland,23_1_437
AdrenalGland,23_1_438
AdrenalGland,23_1_439
AdrenalGland,23_1_440
AdrenalGland,23_1_441
AppendicularArtery,NAMEDSystemicArtery
AppendicularArtery,23_1_16
AppendicularArtery,23_1_1531
AscendingBranchOfLeftColicArtery,NAMEDSystemicArtery
AscendingBranchOfLeftColicArtery,23_1_16
AscendingBranchOfLeftColicArtery,23_1_254
BiliaryTract,NAMEDGITractBodyPart
BiliaryTract,23_1_2445
BiliaryTract,23_1_2446
BiliaryTract,23_1_2447
CaudalPancreaticArtery,NAMEDSystemicArtery
CaudalPancreaticArtery,23_1_16
CaudalPancreaticArtery,23_1_254
CaudalPancreaticArtery,23_1_1393
CecalArtery,NAMEDSystemicArtery
CecalArtery,23_1_254
CecalArtery,23_1_677
CoccygealGanglion,NAMEDGanglion
CoccygealGanglion,23_1_264
CoccygealGanglion,23_1_440
ColicBranch,NAMEDSystemicArtery
ColicBranch,23_1_16
ColicBranch,23_1_254
ColicVein,NAMEDSystemicVein
ColicVein,23_1_16
ColicVein,23_1_264
CommonHepaticArtery,NAMEDSystemicArtery
CommonHepaticArtery,23_1_16
CommonHepaticArtery,23_1_254
CommonHepaticArtery,23_1_3394
CommonHepaticArtery,23_1_3395
CysticArtery,NAMEDSystemicArtery
CysticArtery,23_1_16
CysticArtery,23_1_3833
DescendingBranchOfLeftColicArtery,NAMEDSystemicArtery
DescendingBranchOfLeftColicArtery,23_1_16
DescendingBranchOfLeftColicArtery,23_1_254
DescendingBranchOfLeftColicArtery,23_1_3987
DorsalPancreaticArtery,NAMEDSystemicArtery
DorsalPancreaticArtery,23_1_16
DorsalPancreaticArtery,23_1_254
DorsalPancreaticArtery,23_1_4249
DorsalPancreaticArtery,23_1_4250
GastricArtery,NAMEDSystemicArtery
GastricArtery,23_1_254
GastricArtery,23_1_419
GastroduodenalArtery,NAMEDSystemicArtery
GastroduodenalArtery,23_1_16
GastroduodenalArtery,23_1_254
GastroduodenalArtery,23_1_5339
GastroduodenalArtery,23_1_5340
GastroduodenalArtery,23_1_5341
GastroepiploicArtery,NAMEDSystemicArtery
GastroepiploicArtery,23_1_419
GastroepiploicArtery,23_1_5334
GastroepiploicVein,NAMEDSystemicVein
GastroepiploicVein,23_1_16
GastroepiploicVein,23_1_264
GreatPancreaticArtery,NAMEDSystemicArtery
GreatPancreaticArtery,23_1_16
GreatPancreaticArtery,23_1_254
GreatPancreaticArtery,23_1_1393
HepaticArtery,NAMEDSystemicArtery
HepaticArtery,23_1_254
IlealBranch,NAMEDSystemicArtery
IlealBranch,23_1_16
IlealBranch,23_1_5901
IlealVein,NAMEDSystemicVein
IlealVein,23_1_16
IlealVein,23_1_264
IleocolicArtery,NAMEDSystemicArtery
IleocolicArtery,23_1_16
IleocolicArtery,23_1_254
IleocolicArtery,23_1_5910
IleocolicArtery,23_1_5911
IlioLumbarArtery,NAMEDSystemicArtery
IlioLumbarArtery,23_1_254
IlioLumbarArtery,23_1_440
InferiorEpigastricArtery,NAMEDSystemicArtery
InferiorEpigastricArtery,23_1_254
InferiorEpigastricArtery,23_1_440
InferiorEpigastricArtery,23_1_748
InferiorEpigastricVein,NAMEDSystemicVein
InferiorEpigastricVein,23_1_264
InferiorEpigastricVein,23_1_440
InferiorEpigastricVein,23_1_748
InferiorPancreaticArtery,NAMEDSystemicArtery
InferiorPancreaticArtery,23_1_16
InferiorPancreaticArtery,23_1_254
InferiorPancreaticArtery,23_1_6042
InfraHepaticInferiorVenaCava,9_1_8880
IntermediateHepaticArtery,NAMEDSystemicArtery
IntermediateHepaticArtery,23_1_16
IntermediateHepaticArtery,23_1_5706
IntestinalArtery,NAMEDSystemicArtery
IntestinalArtery,23_1_254
IntestinalArtery,23_1_612
IntestinalArtery,23_1_6265
Intestine,NAMEDGITractBodyPart
Intestine,23_1_264
Intestine,23_1_5355
Intestine,23_1_6275
Intestine,23_1_6276
Intestine,23_1_6277
IntraAbdominalPartOfInferiorVenaCava,9_1_8885
JejunumToIleum,NAMEDGITractBodyPart
JejunumToIleum,23_1_5298
JejunumToIleum,23_1_6417
JejunumToIleum,23_1_6418
Kidney,InternalOrgan
Kidney,23_1_2895
Kidney,23_1_6454
Kidney,23_1_6455
Kidney,23_1_6456
Kidney,23_1_6457
Kidney,23_1_6458
Kidney,23_1_6459
Kidney,23_1_6460
Kidney,23_1_6461
Kidney,23_1_6462
Kidney,23_1_6463
Kidney,23_1_6464
LeftColicArtery,NAMEDSystemicArtery
LeftColicArtery,23_1_16
LeftColicArtery,23_1_254
LeftColicArtery,23_1_6676
LeftColicArtery,23_1_6677
LeftGastricVein,NAMEDSystemicVein
LeftGastricVein,23_1_16
LeftGastricVein,23_1_254
LeftGastricVein,23_1_264
LeftGastricVein,23_1_6686
LeftHepaticArtery,NAMEDSystemicArtery
LeftHepaticArtery,23_1_16
LeftHepaticArtery,23_1_6695
Liver,InternalOrgan
Liver,23_1_2437
Liver,23_1_6874
Liver,23_1_6875
Liver,23_1_6876
Liver,23_1_6877
LumbarGanglion,NAMEDGanglion
LumbarGanglion,23_1_264
LumbarGanglion,23_1_440
LumbarUreter,9_1_5120
MeckelDiverticulum,NAMEDGITractBodyPart
MeckelDiverticulum,23_1_204
MesentericArtery,NAMEDSystemicArtery
MesentericArtery,23_1_254
MesentericArtery,23_1_677
MiddleColicArtery,NAMEDSystemicArtery
MiddleColicArtery,23_1_16
MiddleColicArtery,23_1_254
MiddleRectalVein,RectalVein
MiddleRectalVein,23_1_264
MiddleRectalVein,23_1_440
Pancreas,InternalOrgan
Pancreas,23_1_4309
Pancreas,23_1_4310
Pancreas,23_1_4486
Pancreas,23_1_8069
Pancreas,23_1_8070
Pancreas,23_1_8071
Pancreas,23_1_8072
Pancreas,23_1_8073
Pancreas,23_1_8074
PancreaticoduodenalArtery,NAMEDSystemicArtery
PancreaticoduodenalArtery,23_1_254
PancreaticoduodenalArtery,23_1_2732
PancreaticoduodenalVein,NAMEDSystemicVein
PancreaticoduodenalVein,23_1_16
PancreaticoduodenalVein,23_1_264
ParsAbdominalisEsophagi,NAMEDGITractBodyPart
ParsAbdominalisEsophagi,23_1_264
ParsAbdominalisEsophagi,23_1_8131
PrevertebralGanglion,NAMEDGanglion
PrevertebralGanglion,23_1_264
PrevertebralGanglion,23_1_440
ProperHepaticArtery,NAMEDSystemicArtery
ProperHepaticArtery,23_1_16
ProperHepaticArtery,23_1_8777
ProperHepaticArtery,23_1_8778
ProperHepaticArtery,23_1_8779
RectoSigmoidArtery,NAMEDSystemicArtery
RectoSigmoidArtery,23_1_612
RenalAnteriorInferiorSegmentalArtery,NAMEDSystemicArtery
RenalAnteriorInferiorSegmentalArtery,23_1_440
RenalAnteriorInferiorSegmentalArtery,23_1_9111
RenalAnteriorSegmentalArtery,NAMEDSystemicArtery
RenalAnteriorSegmentalArtery,23_1_440
RenalAnteriorSegmentalArtery,23_1_9111
RenalAnteriorSuperiorSegmentalArtery,NAMEDSystemicArtery
RenalAnteriorSuperiorSegmentalArtery,23_1_440
RenalAnteriorSuperiorSegmentalArtery,23_1_9111
RenalInferiorSegmentalArtery,NAMEDSystemicArtery
RenalInferiorSegmentalArtery,23_1_440
RenalInferiorSegmentalArtery,23_1_9111
RenalInferiorSupraRenalArtery,NAMEDSystemicArtery
RenalInferiorSupraRenalArtery,23_1_420
RenalInferiorSupraRenalArtery,23_1_440
RenalPelvicAndUretericBranches,NAMEDSystemicArtery
RenalPosteriorSegmentalArtery,NAMEDSystemicArtery
RenalPosteriorSegmentalArtery,23_1_440
RenalPosteriorSegmentalArtery,23_1_9111
RenalSuperiorSegmentalArtery,NAMEDSystemicArtery
RenalSuperiorSegmentalArtery,23_1_440
RenalSuperiorSegmentalArtery,23_1_9111
RenalVein,NAMEDSystemicVein
RenalVein,23_1_264
RenalVein,23_1_440
RetrocavalUreter,SegmentOfUreter
RightColicArtery,NAMEDSystemicArtery
RightColicArtery,23_1_16
RightColicArtery,23_1_254
RightGastricVein,NAMEDSystemicVein
RightGastricVein,23_1_16
RightGastricVein,23_1_264
RightHepaticArtery,NAMEDSystemicArtery
RightHepaticArtery,23_1_16
RightHepaticArtery,23_1_5706
RightHepaticArtery,23_1_9280
ShortGastricVein,NAMEDSystemicVein
ShortGastricVein,23_1_16
ShortGastricVein,23_1_264
SigmoidArtery,NAMEDSystemicArtery
SigmoidArtery,23_1_612
SigmoidVein,NAMEDSystemicVein
SigmoidVein,23_1_16
SigmoidVein,23_1_264
Spleen,InternalOrgan
Spleen,23_1_2594
Spleen,23_1_3009
Spleen,23_1_9923
SplenicArtery,NAMEDSystemicArtery
SplenicArtery,23_1_16
SplenicArtery,23_1_8573
SplenicArtery,23_1_9924
SplenicArtery,23_1_9925
SplenicArtery,23_1_9926
SplenicArtery,23_1_9927
Stomach,NAMEDGITractBodyPart
Stomach,23_1_3009
Stomach,23_1_9977
Stomach,23_1_9978
Stomach,23_1_9979
Stomach,23_1_9980
Stomach,23_1_9981
Stomach,23_1_9982
Stomach,23_1_9983
Stomach,23_1_9984
Stomach,23_1_9985
Stomach,23_1_9986
Stomach,23_1_9987
Stomach,23_1_9988
Stomach,23_1_9989
Stomach,23_1_9990
Stomach,23_1_9991
Stomach,23_1_9992
StomachToDuodenum,NAMEDGITractBodyPart
StomachToDuodenum,23_1_5298
StomachToDuodenum,23_1_9788
StomachToDuodenum,23_1_9994
StomachToDuodenum,23_1_9995
StomachToJejunum,NAMEDGITractBodyPart
StomachToJejunum,23_1_5297
StomachToJejunum,23_1_5298
StomachToJejunum,23_1_6418
SuperficialEpigastricArtery,NAMEDSystemicArtery
SuperficialEpigastricArtery,23_1_240
SuperficialEpigastricArtery,23_1_242
SuperiorEpigastricArtery,NAMEDSystemicArtery
SuperiorEpigastricArtery,23_1_254
SuperiorEpigastricArtery,23_1_440
SuperiorEpigastricArtery,23_1_748
SuperiorRectalArtery,RectalArtery
SuperiorRectalArtery,23_1_16
SuperiorRectalVein,RectalVein
SuperiorRectalVein,23_1_16
SuperiorRectalVein,23_1_264
SupraduodenalArtery,NAMEDSystemicArtery
SupraduodenalArtery,23_1_16
SupraduodenalArtery,23_1_1392
SuprarenalVein,NAMEDSystemicVein
SuprarenalVein,23_1_264
SuprarenalVein,23_1_440
UmbilicalArtery,NAMEDSystemicArtery
UmbilicalArtery,23_1_254
UmbilicalArtery,23_1_440
UmbilicalArtery,23_1_10793
UmbilicalArtery,23_1_10794
UmbilicalLigament,NAMEDLigament
UmbilicalLigament,23_1_264
UmbilicalLigament,23_1_10797
UmbilicalLigament,23_1_10798
Urachus,NAMEDLigament
Urachus,23_1_264
Urachus,23_1_10847
Urachus,23_1_10848
Urachus,23_1_10849
Urachus,23_1_10850
AorticLymphnode,9_1_1709
AorticLymphnode,23_1_16
AorticLymphnode,23_1_1489
CavalLymphnode,9_1_2515
CavalLymphnode,23_1_16
CavalLymphnode,23_1_1489
CysticLymphnode,9_1_3053
CysticLymphnode,23_1_16
CysticLymphnode,23_1_1489
HepaticLymphnode,9_1_4250
HepaticLymphnode,23_1_16
HepaticLymphnode,23_1_1489
LumbarLymphnode,9_1_5112
LumbarLymphnode,23_1_440
LumbarLymphnode,23_1_1489
AbdominalColic,9_1_859
IntestinalMuscleSpasm,9_1_4623
AbdominalColicSymptom,9_1_860
SymptomRole,SignOrSymptomRole
AbdominalContent,9_1_861
SolidStructure,PhysicalStructure
AbdominalCramp,9_1_862
AbdominalCrampSymptom,9_1_863
AbdominalDermatome,9_1_864
Dermatome,PieceOfSkinOrgan
Dermatome,23_1_1205
AbdominalDisorder,9_1_865
PathologicalPhenomenon,9_1_6053
PathologicalPhenomenon,23_1_206
AnatomyWithinAbdominalCavity,9_1_1160
AbdominalExamination,9_1_10177
ClinicalAct,NAMEDVolitionalAct
ExaminingProcess,CharacterisingProcess
AbdominalFistula,9_1_867
Fistula,BodyConnection
Fistula,23_1_534
AbdominalSkin,9_1_877
AbdominalSkin,23_1_146
AbdominalSkin,23_1_147
AbdominalSkin,23_1_148
AbdominalSkin,23_1_149
AbdominalSkin,23_1_150
AbdominalIncisionalHernia,9_1_868
HerniaLesion,9_1_4260
SurgicalAbdominalWallIncision,9_1_10465
AbdominalLymphnode,9_1_869
Lymphnode,GenericInternalStructure
Lymphnode,23_1_782
Lymphnode,23_1_7000
AbdominalMigraine,Migraine
AbdominalMigraine,23_1_137
AbdominalMigraine,23_1_138
Migraine,NAMEDDisorder
Migraine,23_1_367
Migraine,23_1_508
Migraine,23_1_2808
Migraine,23_1_7417
Migraine,23_1_7418
UnilateralHeadache,9_1_8185
AbdominalMuscle,9_1_870
Muscle,GenericInternalStructure
Muscle,23_1_7493
ExternalStimulusSensation,Sensation
PainSignal,9_1_12567
NerveConduction,9_1_5565
NerveConduction,23_1_3406
Displacement,LinearStructure
DigestiveSystemPathology,9_1_3185
AbdominalPainSymptom,9_1_872
AbdominalPeritoneum,9_1_873
PartOfPeritoneum,9_1_5982
AbdominalPregnancyProcess,9_1_10409
AbdominalPregnancyProcess,23_1_143
Pregnancy,NAMEDReproductiveProcess
Pregnancy,23_1_3924
Pregnancy,23_1_8737
Conceptus,ProductOfConception
Conceptus,23_1_3556
Conceptus,23_1_3557
Conceptus,23_1_3558
Conceptus,23_1_3559
Conceptus,23_1_3560
Conceptus,23_1_3561
Conceptus,23_1_3562
pathological,PathologicalOrPhysiologicalStatus
AbdominalReflex,9_1_875
ReflexMuscleContractionProcess,9_1_6685
AbdominalSign,9_1_876
Sign,9_1_7137
SkinCovering,9_1_12521
SkinCovering,23_1_9529
SkinCovering,23_1_9661
SkinCovering,23_1_9662
SkinCovering,23_1_9663
SkinCovering,23_1_9664
T10Dermatome,Dermatome
T10Dermatome,23_1_1165
T10Dermatome,23_1_10282
T10Dermatome,23_1_10283
T11Dermatome,Dermatome
T11Dermatome,23_1_1072
T11Dermatome,23_1_10282
T11Dermatome,23_1_10283
T12Dermatome,Dermatome
T12Dermatome,23_1_1191
T12Dermatome,23_1_6530
T12Dermatome,23_1_10282
T8Dermatome,Dermatome
T8Dermatome,23_1_1206
T8Dermatome,23_1_10282
T8Dermatome,23_1_10283
T9Dermatome,Dermatome
T9Dermatome,23_1_1010
T9Dermatome,23_1_10282
T9Dermatome,23_1_10283
AbdominalSmoothMuscleStructure,9_1_8756
BodyStructure,OrganicSolidStructure
SmoothMuscleTissue,MuscleTissue
AbdominalStraining,VoluntaryMovementOfAbdomen
VoluntaryMovementOfAbdomen,9_1_8546
AbdominalSurfaceRegion,9_1_878
AbdominalSwellingSymptom,9_1_879
SwellingSymptom,9_1_7726
AbdominalSymptom,9_1_880
Symptom,9_1_7731
Symptom,23_1_10224
BodyWall,9_1_2250
ExternalObliqueMuscleOfAbdomen,NAMEDStriatedMuscle
ExternalObliqueMuscleOfAbdomen,23_1_4689
InternalObliqueMuscleOfAbdomen,NAMEDStriatedMuscle
InternalObliqueMuscleOfAbdomen,23_1_4689
PyramidalisMuscle,NAMEDStriatedMuscle
PyramidalisMuscle,23_1_4689
RectusAbdominisMuscle,NAMEDStriatedMuscle
RectusAbdominisMuscle,23_1_4689
TransversusAbdominisMuscle,NAMEDStriatedMuscle
TransversusAbdominisMuscle,23_1_4689
TransversusAbdominisMuscle,23_1_10681
DeepCircumflexIliacArtery,NAMEDSystemicArtery
DeepCircumflexIliacArtery,23_1_198
DeepCircumflexIliacArtery,23_1_440
DeepCircumflexIliacArtery,23_1_748
DeepCircumflexIliacVein,NAMEDSystemicVein
DeepCircumflexIliacVein,23_1_440
DeepCircumflexIliacVein,23_1_748
LumbarVein,NAMEDSystemicVein
LumbarVein,23_1_440
LumbarVein,23_1_748
SuperiorEpigastricVein,NAMEDSystemicVein
SuperiorEpigastricVein,23_1_748
PosteriorIntercostalArtery,IntercostalArtery
EleventhIntercostalSpace,IntercostalSpace
EleventhIntercostalSpace,23_1_4448
EleventhIntercostalSpace,23_1_4449
TenthIntercostalSpace,IntercostalSpace
TenthIntercostalSpace,23_1_4448
TenthIntercostalSpace,23_1_7703
PosteriorIntercostalVein,IntercostalVein
AbdominalWallOfInguinalCanal,WallOfInguinalCanal
WallOfInguinalCanal,9_1_8574
AbducensNerve,CranialNerve
CranialNerve,NAMEDNerve
CranialNerve,23_1_440
CranialNerve,23_1_1486
CranialNerve,23_1_3752
MovingRotating,Repositioning
Eyeball,NAMEDSensoryPart
Eyeball,23_1_1358
Eyeball,23_1_2802
Eyeball,23_1_3607
Eyeball,23_1_4726
Eyeball,23_1_4727
Eyeball,23_1_4728
Eyeball,23_1_4729
Eyeball,23_1_4730
Eyeball,23_1_4731
Eyeball,23_1_4732
Eyeball,23_1_4733
Eyeball,23_1_4734
Eyeball,23_1_4735
Eyeball,23_1_4736
Eyeball,23_1_4737
Eyeball,23_1_4738
Eyeball,23_1_4739
Eyeball,23_1_4740
Eyeball,23_1_4741
Eyeball,23_1_4742
Eyeball,23_1_4743
Eyeball,23_1_4744
Eyeball,23_1_4745
AbducensNerveExamination,9_1_10178
Abduction,HingeArticulationProcess
HingeArticulationProcess,ArticulationProcess
AbductionOfArm,9_1_888
Arm,ExtremityLongPart
Arm,23_1_1556
Arm,23_1_1557
Arm,23_1_1558
Arm,23_1_1559
Arm,23_1_1560
Arm,23_1_1561
Arm,23_1_1562
Arm,23_1_1563
Arm,23_1_1564
Arm,23_1_1565
Arm,23_1_1566
Arm,23_1_1567
Arm,23_1_1568
Arm,23_1_1569
Arm,23_1_1570
Arm,23_1_1571
Arm,23_1_1572
Arm,23_1_1573
Arm,23_1_1574
Arm,23_1_1575
AbductionOfGlenoHumeralJoint,9_1_889
GlenoHumeralJoint,NAMEDJoint
GlenoHumeralJoint,23_1_5411
GlenoHumeralJoint,23_1_5413
GlenoHumeralJoint,23_1_5414
GlenoHumeralJoint,23_1_5415
AbductionOfHumerus,9_1_890
Humerus,LongBone
Humerus,23_1_5819
AbductionOfShoulder,9_1_891
Shoulder,BodyJunctionalBodyPart
Shoulder,23_1_300
Shoulder,23_1_302
Shoulder,23_1_1575
Shoulder,23_1_1790
Shoulder,23_1_2901
Shoulder,23_1_2902
Shoulder,23_1_2903
Shoulder,23_1_5413
Shoulder,23_1_9579
Shoulder,23_1_9580
Shoulder,23_1_9581
Shoulder,23_1_9582
Shoulder,23_1_9583
Shoulder,23_1_9584
Shoulder,23_1_9585
Shoulder,23_1_9586
Shoulder,23_1_9587
Shoulder,23_1_9588
Shoulder,23_1_9589
Shoulder,23_1_9590
Shoulder,23_1_9591
AbductionOfUpperExtremity,9_1_892
UpperExtremity,9_1_8206
UpperExtremity,23_1_10507
UpperExtremity,23_1_10509
UpperExtremity,23_1_10818
UpperExtremity,23_1_10819
UpperExtremity,23_1_10820
UpperExtremity,23_1_10821
AbductorDigitiMinimiOfFoot,NAMEDStriatedMuscle
AbductorDigitiMinimiOfFoot,23_1_179
AbductorDigitiMinimiOfFoot,23_1_180
AbductorDigitiMinimiOfFoot,23_1_181
AbductorDigitiMinimiOfFoot,23_1_182
AbductorDigitiMinimiOfFoot,23_1_183
NAMEDStriatedMuscle,NAMEDMuscle
NAMEDStriatedMuscle,23_1_7556
FifthMetatarsoPhalangealJoint,MetatarsoPhalangealJoint
FifthMetatarsoPhalangealJoint,23_1_4120
AnteriorFlexion,Flexion
InterphalangealJointOfFifthToe,9_1_4588
AbductorDigitiMinimiTendonOfFoot,NAMEDTendon
AbductorDigitiMinimiTendonOfFoot,23_1_187
AbductorDigitiMinimiTendonOfFoot,23_1_188
FifthMetatarsal,9_1_3799
FifthMetatarsal,23_1_187
FifthMetatarsal,23_1_5018
FifthMetatarsal,23_1_5019
LateralCalcanealTubercle,9_1_4842
LateralCalcanealTubercle,23_1_6618
MedialCalcanealTubercle,9_1_5250
MedialCalcanealTubercle,23_1_6618
MedialCalcanealTubercle,23_1_7189
AbductorDigitiMinimiOfHand,NAMEDStriatedMuscle
AbductorDigitiMinimiOfHand,23_1_185
AbductorDigitiMinimiOfHand,23_1_186
FifthMetacarpoPhalangealJoint,MetacarpoPhalangealJoint
FifthMetacarpoPhalangealJoint,23_1_4050
AbductorDigitiMinimiTendonOfHand,NAMEDTendon
Pisiform,CarpalBone
Pisiform,23_1_6972
Pisiform,23_1_8460
NAMEDTendon,Tendon
AbductorHallucis,NAMEDStriatedMuscle
AbductorHallucis,23_1_183
AbductorHallucis,23_1_191
FirstMetatarsoPhalangealJoint,MetatarsoPhalangealJoint
FirstMetatarsoPhalangealJoint,23_1_2431
InterphalangealJointOfHallux,9_1_4591
ProximalPhalanxOfHallux,9_1_6513
ProximalPhalanxOfHallux,23_1_2320
ProximalPhalanxOfHallux,23_1_8870
AbductorPollicisBrevis,NAMEDStriatedMuscle
AbductorPollicisBrevis,23_1_194
AbductorPollicisBrevis,23_1_195
AbductorPollicisBrevis,23_1_196
FirstCarpoMetacarpalJoint,CarpoMetacarpalJoint
FirstCarpoMetacarpalJoint,23_1_4108
FirstCarpoMetacarpalJoint,23_1_5046
FirstCarpoMetacarpalJoint,23_1_5047
FirstMetacarpoPhalangealJoint,MetacarpoPhalangealJoint
FirstMetacarpoPhalangealJoint,23_1_918
ProximalPhalanxOfThumb,9_1_6519
LigamentunCarpiTransversum,NAMEDRetinaculum
LigamentunCarpiTransversum,23_1_6823
ScaphoidTubercle,9_1_6933
ScaphoidTubercle,23_1_9413
AbductorPollicisLongus,NAMEDStriatedMuscle
AbductorPollicisLongus,23_1_197
AbductorPollicisLongus,23_1_198
AbductorPollicisLongus,23_1_199
AbductorPollicisLongus,23_1_200
AbductorPollicisLongus,23_1_201
AbductorPollicisLongus,23_1_202
Extension,HingeArticulationProcess
TendonOfAbductorPollicisLongus,NAMEDTendon
deepSelection,SuperficialDeepSelector
InterosseousMembraneOfForearm,9_1_4583
RadialShaft,9_1_6632
RadialShaft,23_1_9027
UlnarShaft,9_1_8163
PosteriorFascialCompartmentOfForearm,9_1_6326
PosteriorFascialCompartmentOfForearm,23_1_8644
PosteriorFascialCompartmentOfForearm,23_1_8645
PosteriorFascialCompartmentOfForearm,23_1_8646
PosteriorFascialCompartmentOfForearm,23_1_8647
PosteriorFascialCompartmentOfForearm,23_1_8648
PosteriorFascialCompartmentOfForearm,23_1_8649
PosteriorFascialCompartmentOfForearm,23_1_8650
PosteriorFascialCompartmentOfForearm,23_1_8651
PosteriorFascialCompartmentOfForearm,23_1_8652
PosteriorFascialCompartmentOfForearm,23_1_8653
PosteriorFascialCompartmentOfForearm,23_1_8654
PosteriorFascialCompartmentOfForearm,23_1_8655
AberrantConductingPathway,ConductionFibres
AberrantConductingPathway,23_1_143
ConductionFibres,9_1_2910
AberrantPathwayActivity,9_1_901
AberrantPathwayActivity,23_1_143
GeneralisedProcess,Phenomenon
AberrantSubclavianArtery,9_1_902
SubclavianArtery,NAMEDSystemicArtery
SubclavianArtery,23_1_419
SubclavianArtery,23_1_614
SubclavianArtery,23_1_10036
SubclavianArtery,23_1_10037
SubclavianArtery,23_1_10038
SubclavianArtery,23_1_10039
variant,nonNormal
AbnormalAbdominalPulsation,9_1_12744
DimensionIncreasingProcess,DimensionChangingProcess
Diameter,LinearMeasurement
nonNormal,NormalOrNonNormalStatus
TemporalPattern,TemporalFeature
repeating,intermittent
AbnormalAffect,9_1_905
Affect,PsychologicalConstruct
Affect,23_1_470
AbnormalArterialStructure,9_1_9624
VascularSystem,AnatomicalSystem
VascularSystem,23_1_1491
VascularSystem,23_1_10997
VascularSystem,23_1_10998
VascularSystem,23_1_10999
VascularSystem,23_1_11000
VascularSystem,23_1_11001
AfferentRole,FunctionalRole
AbnormalAtrioventricularExcitation,9_1_8813
ElectricalConduction,9_1_3489
AtrioventricularConductionPathwayFibres,9_1_8791
AbnormalBlueSkinDiscolouration,9_1_9634
Colour,Appearance
blue,AdditiveColourState
IntegumentaryStructure,9_1_4555
AbnormalBodyStructure,9_1_906
abnormal,nonNormal
AbnormalCellMassGrowth,9_1_907
PathologicalBodyStructure,9_1_1238
AbnormalCellMassGrowthProcess,AbnormalGrowthProcess
AbnormalGrowthProcess,NAMEDPathologicalProcess
AbnormalColour,9_1_908
AbnormalColourationSymptom,9_1_9635
AbnormalCyst,9_1_909
Cyst,9_1_12240
AbnormalDarknessOfUrine,9_1_9636
darkHue,ColourHueState
Urine,NAMEDBodySubstance
Urine,23_1_4676
Urine,23_1_10901
Urine,23_1_10902
AbnormalDaytimeSleeping,9_1_8822
SleepingProcess,NAMEDSleepProcess
PeriodDuringDay,PeriodDuringWeek
AbnormalDryness,9_1_8824
Dryness,SubstanceFeature
dry,DrynessState
AbnormalDrynessOfMouth,9_1_9637
OralMucousMembrane,9_1_5826
AbnormalDrynessOfMucousMembrane,9_1_9638
MucousMembrane,NAMEDMembrane
MucousMembrane,23_1_7480
MucousMembrane,23_1_7481
AbnormalDrynessOfNose,9_1_9639
NasalMucousMembrane,9_1_5516
NasalMucousMembrane,23_1_7566
AbnormalFecalFlow,9_1_910
AbnormalFecalFlow,23_1_141
FecalFlow,9_1_3744
FecalFlow,23_1_4883
AbnormalFecalFlowSign,9_1_911
SignRole,SignOrSymptomRole
AbnormalFecalFlowSymptom,9_1_912
AbnormalGrowth,9_1_913
Chronicity,TemporalFeature
chronic,ChronicityState
NAMEDPathologicalProcess,NAMEDNonNormalProcess
NAMEDPathologicalProcess,23_1_534
AbnormalInvoluntaryMovement,9_1_12265
BodyMovement,9_1_2212
BodyMovement,23_1_2531
BodyMovement,23_1_2532
Intentionality,VolitionalFeature
involuntary,IntentionalityState
AbnormalMaleUrethralMeatus,9_1_916
MaleUrethralMeatus,9_1_11817
AbnormalPhenomenon,9_1_917
Phenomenon,DomainCategory
AbnormalPulseRhythm,9_1_918
PulseRhythm,9_1_6590
PulseRhythm,23_1_207
AbnormalSkinMorphology,9_1_8847
Morphology,StructuralFeature
SkinAsOrgan,ExternalOrgan
SkinAsOrgan,23_1_3973
SkinAsOrgan,23_1_8444
SkinAsOrgan,23_1_9657
SkinAsOrgan,23_1_9658
SkinAsOrgan,23_1_9659
AbnormalSpeech,9_1_919
Speech,9_1_7316
AbnormalSpermMorphology,9_1_10531
Spermatozoa,GermCell
Spermatozoa,23_1_5312
CellMorphology,HistologicalAppearance
AbnormalSwellingProcess,9_1_921
VolumeIncreasing,9_1_8544
AbnormalUrineColour,9_1_8816
AbnormalUrineColourSymptom,9_1_922
AbnormalVascularNetwork,9_1_923
NAMEDVascularPlexus,Plexus
NAMEDVascularPlexus,23_1_2517
AbnormalVascularStructure,9_1_8757
AbnormalVenousStructure,9_1_9625
EfferentRole,FunctionalRole
AbnormalVentricularArterialConnection,9_1_9646
AbnormalVentricularArterialConnection,23_1_143
BodyConnection,BodyStructure
Artery,BloodVessel
Artery,23_1_209
Artery,23_1_1614
Artery,23_1_1615
Artery,23_1_1616
HeartVentricle,NAMEDVentricle
HeartVentricle,HeartChamber
HeartVentricle,23_1_419
HeartVentricle,23_1_1515
HeartVentricle,23_1_1727
HeartVentricle,23_1_5682
HeartVentricle,23_1_5692
HeartVentricle,23_1_5693
HeartVentricle,23_1_5694
HeartVentricle,23_1_5695
AcquisitionMode,DiseaseFeature
congenital,primaryAcquisitionState
AbnormallyDecreasedRespiratoryRate,9_1_12747
Frequency,TemporalFeature
Level,Quantity
lowLevel,detectedLevel
Breathing,NAMEDRespiratoryProcess
Breathing,23_1_2707
Breathing,23_1_2708
Breathing,23_1_2709
AbnormallyDryEye,9_1_9640
Eye,NAMEDSensoryPart
Eye,23_1_644
Eye,23_1_3162
Eye,23_1_4708
Eye,23_1_4709
Eye,23_1_4710
Eye,23_1_4711
Eye,23_1_4712
Eye,23_1_4713
Eye,23_1_4714
Eye,23_1_4715
Eye,23_1_4716
Eye,23_1_4717
Eye,23_1_4718
Eye,23_1_4719
Eye,23_1_4720
Eye,23_1_4721
AbnormallyDryHair,9_1_926
DryHair,9_1_8827
AbnormallyDryMucousMembrane,9_1_10520
AbnormallyDrySkin,9_1_927
DrySkin,9_1_8828
AbnormallyHighPitchSpeech,9_1_12752
SignalFrequency,SignalMorphology
highLevel,detectedLevel
AbnormallyHighPitchSpeechSymptom,9_1_929
AbnormallyIncreasedRespiratoryRate,9_1_12748
AbnormallyLowPitchSpeech,9_1_12753
AbnormallyLowPitchSpeechSymptom,9_1_930
AbnormallyShapedThorax,9_1_10542
Thorax,NAMEDTrunkBodyPart
Thorax,23_1_16
Thorax,23_1_17
Thorax,23_1_10507
Thorax,23_1_10508
Thorax,23_1_10509
Thorax,23_1_10510
Shape,Appearance
Abortifacient,9_1_10543
Substance,GeneralisedSubstance
Substance,SubstanceOrPhysicalStructure
Substance,23_1_10075
StartingProcess,GenericControlProcess
Abortion,9_1_933
Abortion,23_1_239
StoppingProcess,GenericControlProcess
AntenatalPeriod,PeriodDuringPregnancy
AboveElbowJacketCast,UpperLimbJacketCast
UpperLimbJacketCast,JacketCast
AboveKneeJacketCast,LowerLimbJacketCast
LowerLimbJacketCast,JacketCast
AboveKneePartOfPoplitealArtery,9_1_8862
AboveKneePartOfPoplitealArtery,23_1_242
InternalLinearSegment,9_1_4575
InternalLinearSegment,23_1_2522
Knee,ExtremityJointPart
Knee,23_1_661
Knee,23_1_6468
Knee,23_1_6469
Knee,23_1_6470
Knee,23_1_6471
Knee,23_1_6472
Knee,23_1_6473
Knee,23_1_6474
Knee,23_1_6475
Knee,23_1_6476
Knee,23_1_6477
Knee,23_1_6478
Knee,23_1_6479
Knee,23_1_6480
Knee,23_1_6481
Knee,23_1_6482
Knee,23_1_6483
Knee,23_1_6484
Knee,23_1_6485
Knee,23_1_6486
Knee,23_1_6487
Knee,23_1_6488
Knee,23_1_6489
Knee,23_1_6490
Knee,23_1_6491
Knee,23_1_6492
Knee,23_1_6493
Knee,23_1_6494
Knee,23_1_6495
Knee,23_1_6496
Knee,23_1_6497
Knee,23_1_6498
Knee,23_1_6499
Knee,23_1_6500
Knee,23_1_6501
Knee,23_1_6502
Knee,23_1_6503
PoplitealArtery,NAMEDSystemicArtery
PoplitealArtery,23_1_614
PoplitealArtery,23_1_2416
PoplitealArtery,23_1_3389
Thigh,ExtremityLongPart
Thigh,23_1_661
Thigh,23_1_10414
Thigh,23_1_10415
Thigh,23_1_10416
Thigh,23_1_10417
Thigh,23_1_10418
Thigh,23_1_10419
Thigh,23_1_10420
Thigh,23_1_10421
Thigh,23_1_10422
Thigh,23_1_10423
Thigh,23_1_10424
Thigh,23_1_10425
Thigh,23_1_10426
Thigh,23_1_10427
Thigh,23_1_10428
Thigh,23_1_10429
Thigh,23_1_10430
Thigh,23_1_10431
Thigh,23_1_10432
Thigh,23_1_10433
Thigh,23_1_10434
Thigh,23_1_10435
Thigh,23_1_10436
Thigh,23_1_10437
Thigh,23_1_10438
Thigh,23_1_10439
Thigh,23_1_10440
Thigh,23_1_10441
Thigh,23_1_10442
Abrading,SolidRemovingProcess
SolidRemovingProcess,RemovingProcess
AbrasiveAgent,NAMEDComplexChemical
NAMEDComplexChemical,ChemicalSubstance
AbrsionOfTooth,9_1_10561
DefectOfTooth,9_1_3083
Rubbing,FrictionalForceApplyingProcess
SurfaceOfTooth,9_1_7565
AbruptWithdrawal,9_1_10563
WithdrawalSyndrome,NAMEDSyndrome
WithdrawalSyndrome,23_1_3916
WithdrawalSyndrome,23_1_8749
WithdrawalSyndrome,23_1_8905
WithdrawalSyndrome,23_1_11186
WithdrawalSyndrome,23_1_11187
WithdrawalSyndrome,23_1_11188
Suddeness,ProcessFeature
sudden,SuddenessState
Abscess,9_1_936
Pus,NAMEDBodySubstance
Pus,23_1_534
HollowStructure,9_1_4310
AbscessOfPulpOfTooth,9_1_937
PulpTissueOfTooth,9_1_6588
AbsenceOfWithdrawalBleeding,NAMEDGynaecologicalDiseaseProcess
NAMEDGynaecologicalDiseaseProcess,GynaecologicalPathology
AbsenceSeizure,Seizure
Seizure,SynchronousNeuronalDischarge
Seizure,23_1_143
AbsentDiseaseControl,9_1_13064
DiseaseProcessControlling,DiseaseProcessModifyingAct
Quality,RelativeMeasurement
undetectedLevel,AbsoluteLevelState
Absidia,Zygomycota
Zygomycota,Mycete
AbsoluteLevelState,LevelState
LevelState,AbstractState
AbsoluteMeasurement,Dimension
Dimension,StructuralFeature
AbsolutePositionSelector,PositionSelector
PositionSelector,StructuralSelector
AbsoluteShapeState,ShapeState
ShapeState,MorphologyState
Absorbance,PhysicalFeature
PhysicalFeature,SubstanceFeature
Absorbing,NAMEDMolecularSorptionProcess
NAMEDMolecularSorptionProcess,ChemicalProcess
Absorption,Transport
Transport,GenericProcess
AbsorptionPhotometer,LaboratoryDevice
LaboratoryDevice,9_1_10676
Abstinence,NAMEDProcess
NAMEDProcess,GeneralisedProcess
BodyCavity,BodySpace
closedHollow,actuallyHollow
AbstractDirection,ProcessFeature
ProcessFeature,Feature
AbstractState,State
State,SymbolicValueType
State,StateOrQuantity
AbstractStatus,Status
Status,Aspect
AbstractStructure,GeneralisedStructure
GeneralisedStructure,Phenomenon
Acacia,NAMEDActiveDrugIngredient
AcamprosateCalcium,NAMEDActiveDrugIngredient
AcamprosateCalcium,23_1_249
Calcium,ElementalChemical
Calcium,Metal
Calcium,23_1_272
Acanthamoeba,Amoeba
Amoeba,Protozoa
AcanthamoebaInfectionOfCornea,9_1_8918
InfectionLesion,9_1_4468
Cornea,NAMEDSensoryPart
Cornea,23_1_644
Cornea,23_1_3156
Cornea,23_1_3652
Cornea,23_1_3653
Cornea,23_1_3654
AcanthamoebaKeratitis,9_1_940
Keratitis,9_1_4781
Acarbose,NAMEDActiveDrugIngredient
Acaridae,Acarina
Acarina,Arachnida
Acarina,23_1_253
Arachnida,Arthropoda
ParasitisingProcess,AcquiredPathologicalProcess
Acarus,Acarina
AcarusBalatus,Acarus
AcarusFolliculorum,Acarus
AcarusGallinae,Acarus
AcarusHordei,Acarus
AcarusRhizoglypticusHyacinthi,Acarus
Acceleration,AbsoluteMeasurement
AccelerationUnit,CompositeUnit
CompositeUnit,Unit
AccelerationValue,NumericQuantity
NumericQuantity,SymbolicQuantity
Accessing,AccompanyingProcess
AccompanyingProcess,GenericProcess
AccessoryArteryToBulbOfPenis,NAMEDSystemicArtery
AccessoryArteryToBulbOfPenis,23_1_254
bodyPeripherySelection,CentralPeripheralSelector
AccessoryAtrioventricularPathway,9_1_8789
HeartAtrium,HeartChamber
HeartAtrium,NAMEDAtrium
HeartAtrium,23_1_419
HeartAtrium,23_1_1515
HeartAtrium,23_1_1727
HeartAtrium,23_1_5681
HeartAtrium,23_1_5682
HeartAtrium,23_1_5683
AccessoryCephalicVein,NAMEDSystemicVein
AccessoryCephalicVein,23_1_257
AccessoryCephalicVein,23_1_258
NAMEDSystemicVein,BloodVesselOfSystemicCirculation
NAMEDSystemicVein,NAMEDVein
superficialSelection,SuperficialDeepSelector
Forearm,ExtremityLongPart
Forearm,23_1_1558
Forearm,23_1_1561
Forearm,23_1_1575
Forearm,23_1_5173
Forearm,23_1_5174
Forearm,23_1_5175
Forearm,23_1_5176
Forearm,23_1_5177
Forearm,23_1_5178
Forearm,23_1_5179
Forearm,23_1_5180
Forearm,23_1_5181
Forearm,23_1_5182
Forearm,23_1_5183
Forearm,23_1_5184
Forearm,23_1_5185
Forearm,23_1_5186
Forearm,23_1_5187
Forearm,23_1_5188
Forearm,23_1_5189
Forearm,23_1_5190
Forearm,23_1_5191
Forearm,23_1_5192
Forearm,23_1_5193
AccessoryNerve,CranialNerve
AccessoryNerveExamination,9_1_10179
AccessoryObturatorNerve,NAMEDNerve
AccessoryObturatorNerve,23_1_254
NAMEDNerve,Nerve
AccessoryPancreaticDuct,PancreaticDuct
PancreaticDuct,NAMEDDuct
PancreaticDuct,23_1_8076
AccessoryPathwayReentrantTachycardia,9_1_13407
Contracting,LengthDecreasing
CardiacMuscle,9_1_2474
CardiacMuscle,23_1_2924
CardiacMuscle,23_1_2935
CardiacMuscle,23_1_2936
CardiacMuscle,23_1_2937
CardiacMuscle,23_1_2938
CardiacMuscle,23_1_2939
Depolarising,StateChangeProcess
ReentrantPathway,9_1_8790
AccessoryPhrenicNerve,NAMEDNerve
AccessoryPhrenicNerve,23_1_254
InternalOrgan,NAMEDInternalBodyPart
topologicallySolid,TopologyState
HaematologicalSystem,AnatomicalSystem
HaematologicalSystem,23_1_5532
HaematologicalSystem,23_1_5533
AccommodationOfEye,NAMEDNeurologicalProcess
AccommodationOfEye,23_1_266
NAMEDNeurologicalProcess,NAMEDPhysiologicalProcess
AccompanyingDisorder,9_1_943
GenericProcess,GeneralisedProcess
Accumulating,ResourceManagementProcess
ResourceManagementProcess,GenericProcess
Accumulation,9_1_944
Acebutolol,NAMEDActiveDrugIngredient
AcebutololHydrochloride,Acebutolol
Aceclofenac,NAMEDActiveDrugIngredient
Aceclofenac,23_1_269
NonSteroidalGroup,DrugChemicalGroup
Acemetacin,NAMEDActiveDrugIngredient
Acemetacin,23_1_269
AcephalicMigraine,ClassicMigraine
ClassicMigraine,Migraine
ClassicMigraine,23_1_138
ClassicMigraine,23_1_3266
AcessoryAtrioventricularConductionWithPrematureVentricularExcitation,9_1_8929
CardiacHyperconductivity,9_1_13405
CardiacHyperconductivity,23_1_143
PrematureVentricularExcitation,9_1_6385
AcetabularFracture,9_1_945
Fracture,9_1_3933
Acetabulum,NAMEDSolidBoneDivisions
NAMEDSolidBoneDivisions,NAMEDBoneDivisions
NAMEDSolidBoneDivisions,23_1_2586
Acetazolamide,NAMEDActiveDrugIngredient
AcetazolamideSodium,Acetazolamide
AceticAcid,NAMEDActiveDrugIngredient
Acetohexamide,NAMEDActiveDrugIngredient
Acetomenaphthone,NAMEDActiveDrugIngredient
Acetone,Ketone
Acetone,23_1_272
Ketone,OrganicComplexChemical
MetaboliteRole,BiochemicalRole
AcetoneAsDrug,9_1_946
ActiveDrugAdditiveRole,DrugAdditiveRole
Acetophenazine,NAMEDActiveDrugIngredient
AcetylCholineReceptor,NAMEDReceptor
NAMEDReceptor,Protein
AcetylTransferase,AcidHydrolase
AcidHydrolase,NAMEDEnzyme
Catalysing,Facilitating
CatabolicProcess,MetabolicProcess
Mucopolysaccharide,Glycosaminoglycan
AcetylationProcess,ChemicalReaction
ChemicalReaction,NAMEDMetabolicProcess
AcetylationRate,9_1_948
ProcessActivity,ProcessFeature
AcetylatorStatus,9_1_949
Acetylcholine,NAMEDOrganicComplexChemical
NAMEDOrganicComplexChemical,OrganicComplexChemical
AcetylcholineAsDrug,9_1_950
AcetylcholineChlorideAsDrug,AcetylcholineAsDrug
Acetylcholinesterase,NAMEDEnzyme
NAMEDEnzyme,Protein
NAMEDEnzyme,23_1_1462
Acetylcysteine,NAMEDActiveDrugIngredient
AchalasiaProcess,9_1_12759
ControlOfFlow,GenericControlProcess
inactive,ActivityState
LowerEsophagealSphincter,NAMEDGITractBodyPart
LowerEsophagealSphincter,NAMEDSphincter
LowerEsophagealSphincter,23_1_5344
LowerEsophagealSphincter,23_1_5345
AchalasiaState,9_1_13078
AchillesTendonReflex,9_1_953
Gastrocnemius,NAMEDStriatedMuscle
Gastrocnemius,23_1_2409
Gastrocnemius,23_1_5338
Achondroplasia,NAMEDSyndrome
NAMEDSyndrome,NAMEDPathologicalProcess
autosomalDominantGeneInherited,dominantGeneInherited
Aciclovir,NAMEDActiveDrugIngredient
AciclovirSodium,Aciclovir
Acid,9_1_955
AcidRole,AcidOrAlkaliRole
AcidAspiration,9_1_956
Aspiration,9_1_9260
AcidBaseNeutralisationProcess,ChemicalProcess
ChemicalProcess,NonBiologicalProcess
changed,ChangeInLevelState
AcidBaseReaction,9_1_13080
ChangeInLevelState,LevelState
AcidFastSubstance,ChemicalSubstance
ChemicalSubstance,Substance
AcidNeutralisation,pHAlteration
pHAlteration,ChemicalReaction
AcidOrAlkaliRole,BiochemicalRole
BiochemicalRole,PhysiologicalRole
Acidifcation,pHAlteration
AcidificationOfUrine,NAMEDRenalDisease
NAMEDRenalDisease,RenalPathology
Acidity,NAMEDFeature
NAMEDFeature,Feature
Acidosis,NAMEDSystemicDisease
Acidosis,23_1_285
NAMEDSystemicDisease,NAMEDPathologicalProcess
LowBloodpH,9_1_13424
AcinarCell,EpithelialOrSecretoryCell
EpithelialOrSecretoryCell,TissueCell
Acinonyx,Felidae
Felidae,Fissipedia
Acipimox,NAMEDActiveDrugIngredient
Acipimox,23_1_286
NicotinicAcidGroup,ChemicalGroup
Acitretin,NAMEDActiveDrugIngredient
Aclarubicin,NAMEDActiveDrugIngredient
Aclarubicin,23_1_287
AnthracyclineGroup,DrugChemicalGroup
Acne,NAMEDDisorder
NAMEDDisorder,NAMEDPathologicalProcess
InflammationLesion,9_1_4503
HairFollicle,NAMEDSurfaceBodyPart
AcneFulminans,Acne
AcneFulminans,23_1_289
SevereSeverity,9_1_11542
AcneLikeEruption,Acne
AcneRosacea,Acne
AcneVulgaris,Acne
Aconite,Ranunculidae
Ranunculidae,Magnoliopsida
AcousticConductivity,Conductivity
Conductivity,PhysicalFeature
Acoustics,Sonics
Sonics,NAMEDPhysicalProcess
AcquiredArterioVenousFistula,9_1_10648
ArterioVenousFistula,9_1_8709
acquired,AcquisitionModeState
AcquiredCondylarHypoplasiaOfMandible,9_1_10650
CondylarHypoplasiaOfMandible,9_1_9316
AcquiredLongQTSyndrome,9_1_10652
LongQTSyndrome,NAMEDSyndrome
LongQTSyndrome,23_1_6910
AcquiredPathologicalLesion,9_1_961
AcquiredPathologicalProcess,NAMEDPathologicalProcess
AcquiredPathology,9_1_10166
AcquiredProlongedQTInterval,9_1_10654
QTProlongation,9_1_12037
AcquiredStenosisOfAorta,9_1_12320
Stricture,9_1_7423
Aorta,NAMEDSystemicArtery
Aorta,23_1_16
Aorta,23_1_198
Aorta,23_1_614
Aorta,23_1_1474
Aorta,23_1_1475
Aorta,23_1_1476
Acquiring,AccompanyingProcess
AcquiringImmunityProcess,NAMEDImmunologicalProcess
NAMEDImmunologicalProcess,NAMEDPhysiologicalProcess
NAMEDImmunologicalProcess,23_1_5942
DiseaseFeature,ProcessFeature
AcquisitionModeState,DiseaseState
DiseaseState,ProcessState
Acremonium,Moniliacea
Moniliacea,Hyphomycete
Acrivastine,NAMEDActiveDrugIngredient
Acrolein,NAMEDComplexChemical
Acromegaly,NAMEDSystemicDisease
Acromegaly,23_1_293
Visceromegaly,9_1_12837
Hypersecretion,9_1_9013
GrowthHormone,Protein
GrowthHormone,23_1_507
AcromialBursa,NAMEDBursa
AcromialBursa,23_1_295
AcromialBursa,23_1_296
AcromialBursa,23_1_297
NAMEDBursa,Bursa
DeltoidMuscle,NAMEDStriatedMuscle
DeltoidMuscle,23_1_306
DeltoidMuscle,23_1_3637
DeltoidMuscle,23_1_3933
DeltoidMuscle,23_1_3934
DeltoidMuscle,23_1_3935
DeltoidMuscle,23_1_3936
CapsuleOfShoulder,9_1_9696
CapsuleOfShoulder,23_1_2901
CapsuleOfShoulder,23_1_2902
CapsuleOfShoulder,23_1_2903
CapsuleOfShoulder,23_1_2904
CapsuleOfShoulder,23_1_2905
CapsuleOfShoulder,23_1_2906
AcromioclavicularJoint,NAMEDJoint
AcromioclavicularJoint,23_1_298
AcromioclavicularJoint,23_1_300
AcromioclavicularJoint,23_1_301
AcromioclavicularJoint,23_1_302
AcromioclavicularJoint,23_1_303
NAMEDJoint,Joint
CapsuleOfAcromioclavicularJoint,9_1_9343
SynovialMembrane,NAMEDMembrane
AcromioclavicularLigament,NAMEDLigament
AcromioclavicularLigament,23_1_305
AcromioclavicularLigament,23_1_306
AcromioclavicularLigament,23_1_307
Acromion,BonyProcess
Acromion,23_1_308
Acromion,23_1_309
Acromion,23_1_310
Acromion,23_1_311
Acromion,23_1_312
CoracoclavicularLigament,NAMEDLigament
CoracoclavicularLigament,23_1_306
CoracoclavicularLigament,23_1_307
CoracoclavicularLigament,23_1_3612
LateralHeadOfClavicle,9_1_9302
AcromioclavicularJointCavity,9_1_964
NAMEDLigament,Ligament
Clavicle,FlatBone
Clavicle,23_1_309
Clavicle,23_1_310
Clavicle,23_1_3269
Clavicle,23_1_3270
Clavicle,23_1_3271
Clavicle,23_1_3272
Clavicle,23_1_3273
Clavicle,23_1_3274
Clavicle,23_1_3275
Clavicle,23_1_3276
BonyProcess,NAMEDSolidBoneDivisions
CoracoacromialLigament,NAMEDLigament
CoracoacromialLigament,23_1_3612
CoracoacromialLigament,23_1_3637
CoracoacromialLigament,23_1_3638
TrapeziusMuscle,NAMEDStriatedMuscle
TrapeziusMuscle,23_1_257
TrapeziusMuscle,23_1_306
TrapeziusMuscle,23_1_3637
TrapeziusMuscle,23_1_6660
TrapeziusMuscle,23_1_7767
TrapeziusMuscle,23_1_10683
TrapeziusMuscle,23_1_10684
Scapula,FlatBone
Scapula,23_1_7766
Scapula,23_1_9414
Scapula,23_1_9415
Scapula,23_1_9416
Scapula,23_1_9417
Scapula,23_1_9418
Scapula,23_1_9419
Acrosoxacin,NAMEDActiveDrugIngredient
ActOutcome,9_1_13055
voluntary,IntentionalityState
Actinium,ElementalChemical
ElementalChemical,ChemicalSubstance
Actinomyces,Bacterium
Bacterium,Cell
Bacterium,MicroOrganism
Bacterium,Monera
cylindrical,solidShape
Gramstaining,OrganicMaterialStaining
Effectiveness,ProcessFeature
effective,EffectivenessState
ActinomycesIsraelii,Actinomyces
ActinomycesPyogenes,Actinomyces
Action,NAMEDProcess
ActivatedCharcoal,NAMEDActiveDrugIngredient
ActivatedPartialThromboplastinTimeTest,HaematologyTest
HaematologyTest,LaboratoryTest
ActivationOfPsychosis,9_1_968
Psychosis,NAMEDDisorder
Psychosis,23_1_8908
ActiveAbsorption,Absorption
TissueCell,BodyStructure
TissueCell,Cell
DrugAdditiveRole,BiochemicalRole
ActiveDrugChemicalIngredient,9_1_970
ActiveDrugIngredient,9_1_971
ActiveDuodenalUlceration,9_1_12740
Duodenum,NAMEDGITractBodyPart
Duodenum,23_1_3009
Duodenum,23_1_4304
Duodenum,23_1_4306
Duodenum,23_1_4307
Duodenum,23_1_4308
Duodenum,23_1_4309
Duodenum,23_1_4310
Duodenum,23_1_4311
UlceratingProcess,UlceratingOrErosionProcess
activeActivityLevel,9_1_975
ActiveGastricUlceration,9_1_12741
ActiveImplantableDevice,9_1_12344
Device,InertSolidStructure
Implantability,StructuralFunctionFeature
implantable,ImplantabilityState
PowerSource,StructuralFunctionFeature
powered,PowerSourceState
ActivePropulsionProcess,Transport
ActiveRheumaticFever,9_1_10715
RheumaticFever,NAMEDSystemicDisease
active,ActivityState
ActiveTractionProcess,TensionForceApplyingProcess
TensionForceApplyingProcess,ForceApplyingProcess
Activity,NAMEDVolitionalAct
NAMEDVolitionalAct,Behaviour
ActivityOfDailyLife,Activity
ActivityState,ProcessState
ProcessState,State
ActualCavity,9_1_13071
actuallyHollow,trulyHollow
ActuallyHollowBodyStructure,9_1_10417
ActuallyHollowStructure,9_1_10158
Acuariidae,Spiruroidea
Spiruroidea,Nematoda
Acuflex,Manufacturer
Manufacturer,SocialOrganisation
AcuflexBiter,9_1_10718
Biter,9_1_2147
ManufacturingProcess,NAMEDVolitionalAct
Acuity,ProcessFeature
AcuteAdrenocorticalInsufficiency,9_1_12797
BodyProcess,BiologicalProcess
acute,ChronicityState
ineffective,EffectivenessState
AdrenalCortex,9_1_1033
AdrenalCortex,23_1_426
AdrenalCortex,23_1_427
AdrenalCortex,23_1_428
AcuteAnteroApicalMyocardialInfarction,9_1_10724
AcuteMyocardialInfarction,9_1_10802
AnteroapicalHeartWall,HeartWall
AcuteAnteroseptalMyocardialInfarction,9_1_10725
AnteroseptalRegionOfHeart,HeartWall
AcuteApicalPeriodontitis,9_1_8965
ApicalPeriodontitis,9_1_1731
AcuteFeature,9_1_978
PulpitisOfTooth,9_1_6589
AcuteAttack,9_1_10728
Episode,ProcessPhase
AcuteCerebralHaematoma,9_1_12380
Haematoma,9_1_11492
Telencephalon,NAMEDNervousSystemPart
Telencephalon,23_1_3690
Telencephalon,23_1_10335
Telencephalon,23_1_10336
Telencephalon,23_1_10337
Telencephalon,23_1_10338
Telencephalon,23_1_10339
Telencephalon,23_1_10340
AcuteCorPulmonale,9_1_12389
RightIneffectiveCardiacFunction,9_1_6826
PulmonaryEmbolism,9_1_11677
PulmonaryEmbolism,23_1_462
AcuteDentalCaries,9_1_982
DentalCaries,9_1_11718
AcuteDentinalCaries,9_1_983
DentinalCaries,9_1_8966
AcuteDermatitis,9_1_10732
Dermatitis,9_1_3127
AcuteDiseaseEpisode,9_1_984
AcuteDiseaseEpisode,23_1_143
PathologicalProcess,9_1_5785
AcuteEnamelCaries,9_1_985
EnamelCaries,9_1_3509
AcuteEndocarditis,9_1_10735
Endocarditis,9_1_3522
AcuteEpiduralHaematoma,9_1_12381
ExtraduralSpace,NAMEDBodySpace
ExtraduralSpace,23_1_4699
AcuteErosionOfStomach,9_1_10737
ErosionOfStomach,9_1_3599
AcuteGastricUlcer,9_1_10739
UlcerOfStomach,9_1_8151
AcuteGastritis,9_1_10741
GastritisLesion,9_1_3997
AcuteGlaucoma,9_1_986
Glaucoma,NAMEDDisorder
Glaucoma,23_1_5408
Glaucoma,23_1_5409
AcuteHeartFailure,9_1_987
IneffectiveCardiacFunction,9_1_11500
AcuteHighLateralWallMyocardialInfarction,9_1_13093
InternalRegion,9_1_4579
upperSelection,UpperLowerPositionSelector
LateralHeartWall,HeartWall
AcuteInfarctionOfPapillaryMuscle,9_1_12394
DamageLesion,9_1_3064
PapillaryMuscle,NAMEDMuscle
PapillaryMuscle,23_1_8083
PapillaryMuscle,23_1_8084
AcuteIntermittentPorphyria,Porphyria
AcuteIntermittentPorphyria,23_1_340
AcuteIntermittentPorphyria,23_1_341
AcuteIntermittentPorphyria,23_1_342
AcuteIntermittentPorphyria,23_1_343
AcuteIntermittentPorphyria,23_1_344
AcuteIntermittentPorphyria,23_1_345
Porphyria,NAMEDSystemicDisease
Hyperporphobilinogenuria,9_1_11907
Hypertension,NAMEDSystemicDisease
Hypertension,23_1_2502
Hyperuroporphyrinuria,9_1_11919
Neuropathy,9_1_8842
IneffectiveCatalysis,9_1_10595
Porphobilinogen,Porphyrin
PorphobilinogenDeaminase,NAMEDEnzyme
DefectiveGene,9_1_3085
GeneTranscription,NAMEDGeneticProcess
AcuteIschaemicCardiacPathology,9_1_10790
IschaemicCardiacPathology,9_1_4729
AcuteLymphoblasticLeukaemia,AcuteLymphocyticLeukaemia
AcuteLymphoblasticLeukaemia,23_1_349
AcuteLymphocyticLeukaemia,9_1_10792
Lymphoblastosis,9_1_12570
LymphocyticLeukaemia,9_1_10795
LymphocyticLeukaemia,23_1_351
LymphocyticLeukaemia,23_1_7005
LymphocyticLeukaemia,23_1_7007
AcuteMegakaryocyticLeukaemia,AcuteMyelogenousLeukaemia
AcuteMyelogenousLeukaemia,9_1_12431
AcuteMyelofibrosis,AcuteMegakaryocyticLeukaemia
AcuteMyelofibrosis,23_1_350
AcuteMyelofibrosis,23_1_351
AcuteMyelofibrosis,23_1_352
BoneMarrowFibrosis,9_1_2264
BoneMarrowHyperplasia,9_1_2266
PathologicalLowBloodCount,9_1_12592
PathologicalBodyProcess,9_1_1265
MalignantNeoplasticProcess,9_1_10893
GranulocyteStemCell,NonLymphoidStemCell
AcuteMyeloidLeukaemiaWithMaturation,AcuteMyelogenousLeukaemia
AcuteMyeloidLeukaemiaWithoutMaturation,AcuteMyelogenousLeukaemia
MyocardialInfarct,9_1_5493
AcuteNecrotizingUlcerativeGingivitis,9_1_9007
Gingivitis,9_1_4056
GingivalNecrosis,9_1_4053
GingivalUlcer,9_1_4055
AcuteOnset,9_1_10552
Duration,TemporalFeature
shortTime,DurationState
AcuteOnsetOfIllness,9_1_10804
OnsetOfPathology,9_1_10556
OnsetOfPathology,23_1_534
AcuteOsteomyelitis,9_1_993
Osteomyelitis,9_1_5866
AcutePancreatitis,9_1_10806
Pancreatitis,9_1_5924
AcutePericarditis,9_1_10808
Pericarditis,9_1_6147
AcutePulmonaryHeartDisease,9_1_10811
PulmonaryHeartDisease,9_1_11591
AcutePulpitisOfTooth,9_1_994
AcutePulpitisOfTooth,23_1_357
Irreversible,9_1_4718
AcuteRenalFailure,9_1_10813
RenalInsufficiency,9_1_12050
AcuteRheumaticArthritis,9_1_10814
RheumaticArthritis,9_1_6776
AcuteRheumaticEndocarditis,9_1_10817
RheumaticEndocarditis,9_1_6779
AcuteRheumaticFever,9_1_10716
AcuteRheumaticHeartDisease,9_1_10819
RheumaticHeartDisease,9_1_6781
AcuteRheumaticMyocarditis,9_1_10821
RheumaticMyocarditis,9_1_6790
AcuteRheumaticPancarditis,9_1_10822
RheumaticPancarditis,9_1_6792
AcuteRheumaticPericarditis,9_1_10824
RheumaticPericarditis,9_1_6793
AcuteRheumaticValvulitis,9_1_10826
RheumaticValvulitis,9_1_6800
AcuteRhinitis,9_1_12315
Nose,NAMEDSurfaceSubpart
Nose,23_1_3162
Nose,23_1_3761
Nose,23_1_3764
Nose,23_1_7753
Nose,23_1_7754
Nose,23_1_7755
Nose,23_1_7756
Nose,23_1_7757
Nose,23_1_7758
Nose,23_1_7759
Nose,23_1_7760
Nose,23_1_7761
Nose,23_1_7762
Nose,23_1_7763
AcuteSubduralHaematoma,9_1_12382
SubduralSpace,SubarachnoidOrSubduralSpace
SubduralSpace,23_1_4699
Adapalene,RetinoicAcidDrug
RetinoicAcidDrug,9_1_6747
AdaptingDevice,9_1_996
AdaptingProcess,FunctionalChangeProcess
FunctionalChangeProcess,ChangeProcess
Addiction,PatternOfBehaviour
Addiction,23_1_143
PatternOfBehaviour,Behaviour
AddictiveBehaviour,9_1_997
AddictiveBehaviour,23_1_143
AddictiveRole,PathologicalRole
PathologicalRole,Role
AddictiveSubstance,9_1_998
AddingProcess,NAMEDGenericProcess
NAMEDGenericProcess,GenericProcess
AddisonsDisease,NAMEDSystemicDisease
AddisonsDisease,23_1_363
AddisonsDisease,23_1_364
AddisonsDisease,23_1_365
AddisonsDisease,23_1_366
AddisonsDisease,23_1_367
AddisonsDisease,23_1_368
Anorexia,9_1_13131
Anorexia,23_1_143
Fatigue,PsychologicalReactionProcess
Fatigue,23_1_649
Hyperpigmentation,9_1_12834
Hyperpigmentation,23_1_143
Hypotension,NAMEDSystemicDisease
Hypotension,23_1_2502
Nausea,InternalSensation
Nausea,23_1_141
Nausea,23_1_143
Nausea,23_1_649
WeightLoss,9_1_8595
AdrenalHypofunction,9_1_9652
ChronicFeature,9_1_914
AdditiveColourState,ColourState
ColourState,MorphologyState
Adduction,HingeArticulationProcess
AdductorBrevisOfThigh,NAMEDStriatedMuscle
AdductorBrevisOfThigh,23_1_198
AdductorBrevisOfThigh,23_1_371
AdductorBrevisOfThigh,23_1_372
AdductorBrevisOfThigh,23_1_373
HipJoint,NAMEDLimbJoint
HipJoint,23_1_5635
HipJoint,23_1_5636
HipJoint,23_1_5764
HipJoint,23_1_5765
HipJoint,23_1_5766
HipJoint,23_1_5767
OutwardRotation,InwardOutwardRotation
FemoralShaft,9_1_3770
FemoralShaft,23_1_4963
FemoralShaft,23_1_4964
FemoralShaft,23_1_4965
PubicRamus,9_1_6547
PubicRamus,23_1_6389
PubicRamus,23_1_8915
PubicRamus,23_1_8916
MedialFascialCompartmentOfThigh,9_1_9184
MedialFascialCompartmentOfThigh,23_1_7199
MedialFascialCompartmentOfThigh,23_1_7200
MedialFascialCompartmentOfThigh,23_1_7201
MedialFascialCompartmentOfThigh,23_1_7202
MedialFascialCompartmentOfThigh,23_1_7203
MedialFascialCompartmentOfThigh,23_1_7204
MedialFascialCompartmentOfThigh,23_1_7205
AdductorHallucis,NAMEDStriatedMuscle
AdductorHallucis,23_1_191
AdductorHallucis,23_1_374
AdductorHallucis,23_1_375
AdductorHallucis,23_1_376
AdductorHallucis,23_1_377
AdductorHallucis,23_1_378
BaseOfFourthMetatarsal,9_1_9291
BaseOfFourthMetatarsal,23_1_2319
BaseOfFourthMetatarsal,23_1_2320
BaseOfSecondMetatarsal,9_1_9293
BaseOfSecondMetatarsal,23_1_2319
BaseOfSecondMetatarsal,23_1_2320
BaseOfThirdMetatarsal,9_1_9295
BaseOfThirdMetatarsal,23_1_2319
BaseOfThirdMetatarsal,23_1_2320
DeepTransverseLigamentOfFoot,NAMEDLigament
DeepTransverseLigamentOfFoot,23_1_3901
LongPlantarLigament,PlantarLigament
LongPlantarLigament,23_1_3901
AdductorLongusOfThigh,NAMEDStriatedMuscle
AdductorLongusOfThigh,23_1_198
AdductorLongusOfThigh,23_1_371
AdductorLongusOfThigh,23_1_373
AdductorLongusOfThigh,23_1_379
Pubis,FlatBone
Pubis,23_1_8917
Pubis,23_1_8918
Pubis,23_1_8919
Pubis,23_1_8920
AdductorMagnusOfThigh,NAMEDStriatedMuscle
AdductorMagnusOfThigh,23_1_198
AdductorMagnusOfThigh,23_1_372
AdductorMagnusOfThigh,23_1_373
AdductorMagnusOfThigh,23_1_380
AdductorMagnusOfThigh,23_1_381
AdductorTubercle,EminenceOnFemoralShaft
AdductorTubercle,23_1_391
IschialTuberosity,9_1_4739
IschialTuberosity,23_1_6389
IschialTuberosity,23_1_6390
AdductorMuscleOfHip,9_1_10325
AdductorPollicis,NAMEDStriatedMuscle
AdductorPollicis,23_1_194
AdductorPollicis,23_1_383
AdductorPollicis,23_1_384
AdductorPollicis,23_1_385
AdductorPollicis,23_1_386
AdductorPollicis,23_1_387
AdductorPollicis,23_1_388
AdductorPollicis,23_1_389
Trapezoid,CarpalBone
Trapezoid,23_1_2882
TendonOfAdductorPollicis,NAMEDTendon
UlnarSesamoidOfThumb,SessamoidBone
UlnarSesamoidOfThumb,23_1_918
UlnarSesamoidOfThumb,23_1_10788
BaseOfSecondMetacarpal,9_1_9292
BaseOfThirdMetacarpal,9_1_9294
Capitate,CarpalBone
Capitate,23_1_2882
ThirdMetacarpal,9_1_7914
AdductorReflex,9_1_1007
EminenceOnFemoralShaft,9_1_3506
Adenine,Purine
Purine,Nucleotide
Adenitis,9_1_1008
AdenoVirus,Virus
Virus,MicroOrganism
Adenocarcinoma,9_1_10418
AdenocarcinomaOfColon,9_1_13022
Adenocyte,EpithelialOrSecretoryCell
Colon,NAMEDGITractBodyPart
Colon,23_1_3356
Colon,23_1_3357
Colon,23_1_3358
AdenohypophysealHormone,9_1_10828
Hormone,9_1_4317
Secretion,BiologicalActivePropulsionProcess
AnteriorLobeOfPituitaryGland,9_1_1656
Adenoma,9_1_10419
BenignNeoplasticProcess,9_1_10892
AdenomaOfColon,9_1_13023
AdenomatoidHyperplasiaOfMinorSalivaryGland,9_1_12464
NonNormalSwelling,9_1_5642
DiseaseProcessExtent,DiseaseStage
localisedDiseaseProcessExtent,DiseaseProcessExtentState
MinorSalivaryGland,SalivaryGland
Adenophorea,Nematoda
Nematoda,Helminth
Adenosine,NAMEDActiveDrugIngredient
AdequacyLevelStatus,AbstractStatus
AdequateQualityDiseaseControl,9_1_13065
moderateLevel,detectedLevel
AdherentSkinCrust,NAMEDSkinDiseaseProcess
NAMEDSkinDiseaseProcess,PathologicalProcess
NAMEDSkinDiseaseProcess,23_1_227
Adhering,Fixing
Fixing,SolidFasteningProcess
AdhesionLesion,9_1_1015
AdhesionProcess,AcquiredPathologicalProcess
AdhesiveAtelectasis,9_1_1016
AlveolarCollapse,9_1_1111
AlveolarAdhesion,9_1_1109
AdhesiveMaterial,9_1_1017
Material,Device
AdhesivePericarditis,9_1_1018
PericardialAdhesion,9_1_6140
AdjacentRegion,9_1_1019
BodyRegion,BodyStructure
BodyRegion,SolidRegion
BodyRegion,23_1_612
Adjustability,StructuralFunctionFeature
StructuralFunctionFeature,StructuralFeature
AdjustabilityState,StructuralFunctionState
StructuralFunctionState,StructuralState
adjustable,AdjustabilityState
Inserting,InstallingProcess
RubberBandLigature,Ligature
AdministrationOfLithium,NAMEDProcess
AdministrationToPatient,9_1_10854
MechanicalPropulsion,ActivePropulsionProcess
AdministratorRole,OccupationRole
OccupationRole,SocialRole
Adminstration,NAMEDProcess
Admitting,Transport
Adnexa,9_1_1023
Adnexa,23_1_408
AdnexalTissue,9_1_1027
internal,SurfaceVisibilityStatus
AdnexalStructureOfOvary,9_1_1024
AdnexalStructureOfOvary,23_1_410
PeriovarianTissue,9_1_6166
PeriovarianTissue,23_1_3685
FemaleGenitoUrinarySystem,9_1_11276
FemaleGenitoUrinarySystem,23_1_4887
FemaleGenitoUrinarySystem,23_1_4898
FemaleGenitoUrinarySystem,23_1_4899
FemaleGenitoUrinarySystem,23_1_4900
FemaleGenitoUrinarySystem,23_1_4901
FemaleGenitoUrinarySystem,23_1_4902
FemaleGenitoUrinarySystem,23_1_4903
FemaleGenitoUrinarySystem,23_1_4904
FemaleGenitoUrinarySystem,23_1_4905
FemaleGenitoUrinarySystem,23_1_4906
FemaleGenitoUrinarySystem,23_1_4907
FemaleGenitoUrinarySystem,23_1_4908
FemaleGenitoUrinarySystem,23_1_4909
FemaleGenitoUrinarySystem,23_1_4910
AdnexalStructureOfTestis,9_1_1025
AdnexalStructureOfTestis,23_1_412
PeriTesticularTissue,9_1_6132
PeriTesticularTissue,23_1_8299
MaleGenitoUrinarySystem,9_1_11277
MaleGenitoUrinarySystem,23_1_7057
MaleGenitoUrinarySystem,23_1_7058
MaleGenitoUrinarySystem,23_1_7059
MaleGenitoUrinarySystem,23_1_7060
MaleGenitoUrinarySystem,23_1_7061
MaleGenitoUrinarySystem,23_1_7062
AdnexalStructureOfUterus,9_1_1026
AdnexalStructureOfUterus,23_1_410
AdnexalTissueOfUterus,9_1_1028
AdnexalTissueOfUterus,23_1_415
SoftTissue,Tissue
Uterus,NAMEDFemaleGenitalTractBodyPart
Uterus,23_1_410
Uterus,23_1_9075
Uterus,23_1_10882
Uterus,23_1_10921
Uterus,23_1_10929
Uterus,23_1_10930
Uterus,23_1_10931
Uterus,23_1_10932
Uterus,23_1_10933
Uterus,23_1_10934
Uterus,23_1_10935
Uterus,23_1_10936
Uterus,23_1_10937
Uterus,23_1_10938
Uterus,23_1_10939
Uterus,23_1_10940
Uterus,23_1_10941
Adolescence,Childhood
Childhood,PeriodDuringYouth
Adolescent,9_1_13099
Human,Hominidae
Age,OrganismFeature
AgeState,OrganismState
AdolescentPsychiatry,Psychiatry
Psychiatry,ClinicalSpecialityState
AdrenalAbnormality,9_1_1030
NonNormalPhenomenon,9_1_5618
AdrenalAdenoma,9_1_13024
leftRightPaired,exactlyPaired
AdrenalAtrophy,9_1_1032
AtrophicLesion,9_1_1867
Cortex,GenericInternalStructure
Cortex,23_1_3690
AdrenocorticalHormone,9_1_10830
ZonaFasciculata,NAMEDEndocrineSubpart
ZonaGlomerulosa,NAMEDEndocrineSubpart
ZonaReticularis,NAMEDEndocrineSubpart
AdrenalDysfunction,9_1_8958
AdrenalFunction,9_1_1034
NAMEDGland,Gland
AdrenalMedulla,9_1_1037
Adrenaline,Catecholamine
ApexOfAdrenalGland,9_1_1722
BaseOfAdrenalGland,9_1_2049
HilumOfAdrenalGland,9_1_4269
SurfaceOfAdrenalGland,9_1_7548
ChromaffinCell,Adenocyte
mirrorImaged,leftRightPaired
EndocrineSystem,AnatomicalSystem
EndocrineSystem,23_1_2308
EndocrineSystem,23_1_4485
EndocrineSystem,23_1_4486
EndocrineSystem,23_1_4487
EndocrineSystem,23_1_4488
EndocrineSystem,23_1_4489
EndocrineSystem,23_1_4490
AdrenalGlandHormone,9_1_10829
AdrenalHyperplasia,9_1_1036
HyperplasticLesion,9_1_4352
lowActivityLevel,9_1_10615
AdrenalInsufficiency,9_1_12371
Medulla,GenericInternalStructure
AdrenalNeuroma,9_1_13025
Neurone,TissueCell
Neurone,23_1_7692
AdrenalPathology,9_1_1039
AdrenalPhaeochromocytoma,9_1_13026
AdrenalSuppression,9_1_1041
AdrenalSuppression,23_1_143
AdrenalSuppression,23_1_446
Inhibiting,Limiting
AdrenocorticalInsufficiency,9_1_12370
AdrenalTumour,9_1_10420
NeoplasticProcess,AbnormalGrowthProcess
Catecholamine,OrganicComplexChemical
AdrenalineAcidTartrate,AdrenalineAsDrug
AdrenalineAsDrug,9_1_1043
AdrenalineHydrochloride,AdrenalineAsDrug
AdrenalineReceptor,NAMEDReceptor
AdrenergicNeurone,Neurone
AdrenergicReceptor,NAMEDReceptor
AdrenoCorticoTropicHormoneAsDrug,9_1_1044
Corticotrophin,Peptide
Corticotrophin,23_1_507
AdrenocorticalAdenoma,9_1_13027
AdrenocorticalDysfunction,9_1_8959
AdrenocorticalFunction,9_1_1046
AdrenocorticalHyperfunction,9_1_9653
highActivityLevel,9_1_10616
AdrenocorticalHypofunction,9_1_9654
Adsorbing,NAMEDMolecularSorptionProcess
Adult,9_1_13100
PeriodDuringAdulthood,PeriodDuringLifespan
AdultEnuresis,NAMEDGenitoUrinarySystemDiseaseProcess
NAMEDGenitoUrinarySystemDiseaseProcess,PathologicalProcess
NAMEDGenitoUrinarySystemDiseaseProcess,23_1_1255
AdultFanconiSyndrome,NAMEDSyndrome
AdultFanconiSyndrome,23_1_452
AdultFanconiSyndrome,23_1_453
AdultFanconiSyndrome,23_1_454
AdultFanconiSyndrome,23_1_455
AdultFanconiSyndrome,23_1_456
AdultFanconiSyndrome,23_1_457
autosomalRecessiveGeneInherited,recessiveGeneInherited
ChronicMetabolicAcidosis,9_1_11633
Cystinuria,9_1_12495
Cystinuria,23_1_534
Glycosuria,9_1_12497
LoweredSerumPhosphateConcentration,9_1_11983
Osteomalacia,NAMEDDisorder
Osteomalacia,23_1_7970
Osteomalacia,23_1_7971
Polyuria,9_1_13192
Polyuria,23_1_206
Polyuria,23_1_8542
RenalTubule,NAMEDKidneySubPart
RenalTubule,23_1_3693
RenalTubule,23_1_3695
RenalTubule,23_1_7265
RenalTubule,23_1_9139
AdultOnsetStillsDisease,NAMEDUnmodelledPathology
AdultOnsetStillsDisease,23_1_459
NAMEDUnmodelledPathology,NAMEDPathologicalProcess
ConnectiveTissueDiseaseClass,AssertedDiseaseClass
AdultOverFifty,9_1_13124
PeriodAfterAgeFifty,PeriodDuringAdulthood
AdultOverThirtyFive,9_1_13125
PeriodAfterAgeThirtyFive,PeriodDuringAdulthood
AdultPsychiatry,Psychiatry
AdultRespiratoryDistressSyndrome,PathologicalPhenomenon
AdultRespiratoryDistressSyndrome,23_1_462
Lung,InternalOrgan
Lung,LungOrBronchi
Lung,23_1_419
Lung,23_1_2648
Lung,23_1_5655
Lung,23_1_6973
Lung,23_1_6974
Lung,23_1_6975
Lung,23_1_6976
Lung,23_1_6977
Lung,23_1_6978
Lung,23_1_6979
Lung,23_1_6980
Lung,23_1_6981
AdultTCellLymphoma,NonHodgkinsLymphoma
NonHodgkinsLymphoma,MalignantLymphoma
Nodularity,Morphology
diffuse,NodularityState
MalignantLymphoidCellNeoplasticProcess,9_1_1313
TCellLymphocyte,Lymphocyte
HumanTCellLymphomaVirusI,HumanTCellLymphomaVirus
AdvancedBreastCancer,NAMEDBreastPathology
NAMEDBreastPathology,BreastPathology
AdvancedNeuropathy,9_1_12222
Nerve,GenericInternalStructure
Nerve,23_1_1776
Nerve,23_1_3690
Nerve,23_1_7658
AdvancedProstateCancer,NAMEDMaleGenitoUrinarySystemDiseaseProcess
NAMEDMaleGenitoUrinarySystemDiseaseProcess,PathologicalProcess
NAMEDMaleGenitoUrinarySystemDiseaseProcess,23_1_1234
Advancing,MovingForwards
MovingForwards,Moving
AdventitiousSound,BreathSound
BreathSound,Noise
BreathSound,23_1_2703
BreathSound,23_1_2704
BreathSound,23_1_2705
AdverseEffectsOnMentalState,NAMEDPsychologicalSystemDiseaseProcess
NAMEDPsychologicalSystemDiseaseProcess,PathologicalProcess
NAMEDPsychologicalSystemDiseaseProcess,23_1_920
AerobicMetabolicProcess,9_1_10894
MetabolicProcess,ChemicalProcess
ChemicalPathway,ProcessFeature
obligateAerobic,OxygenDependancy
AerosolBasicDrugForm,9_1_10898
BasicDrugForm,9_1_2055
PhysicalPresentation,Morphology
aerosolDrugForm,liquidGasPresentationState
AerosolPowderBasicDrugForm,9_1_10899
aerosolPowderDrugForm,liquidGasPresentationState
Aerosoling,PhysicalNatureChangingProcess
PhysicalNatureChangingProcess,StateChangeProcess
Aesculus,NAMEDActiveDrugIngredient
Affability,AggressionOrAffability
AggressionOrAffability,EmotiveProcess
PsychologicalConstruct,PsychosocialConstruct
PsychologicalConstruct,23_1_129
PsychologicalConstruct,23_1_8904
EmotiveProcess,PsychologicalProcess
EmotiveProcess,23_1_3331
AffectiveDisorder,9_1_1060
AfferentFibre,NAMEDNervousSystemPart
NAMEDNervousSystemPart,NAMEDInternalBodyPart
NAMEDNervousSystemPart,23_1_1776
FunctionalRole,PhysiologicalRole
AfricanElephant,Elephant
Elephant,Proboscidea
AfricanEndomyocardialFibrosis,NAMEDSystemicDisease
AfricanEndomyocardialFibrosis,23_1_472
AfricanEndomyocardialFibrosis,23_1_473
AfricanEndomyocardialFibrosis,23_1_474
AfricanEndomyocardialFibrosis,23_1_475
CardiacDilatation,9_1_11388
Cardiomegaly,9_1_2491
EndocardialFibrosisOfLeftVentricularOutflowTract,9_1_11107
MuralThrombus,9_1_5430
AfricanHuntingDog,Lyacaon
Lyacaon,Canidae
AfterEvacuationOfHydatidiformMoleUntilReturnToNormalOfUrineAndPlasmaGonadotrophinConcentration,NAMEDReproductiveDiseaseProcess
NAMEDReproductiveDiseaseProcess,PathologicalProcess
NAMEDReproductiveDiseaseProcess,23_1_737
AfterEvacuationOfHydatidiformMoleUntilReturnToNormalOfUrineAndPlasmaGonadotrophinValues,NAMEDReproductiveDiseaseProcess
OrganismFeature,Feature
AgeRange,9_1_1061
Range,ProcessFeature
OrganismState,State
Agency,SocialOrganisation
SocialOrganisation,PsychosocialConstruct
Agenesis,9_1_10985
Organogenesis,OrganDevelopmentProcess
AgenesisLesion,9_1_1062
AgenesisOfVagina,9_1_1063
Vagina,NAMEDFemaleGenitalTractBodyPart
Vagina,23_1_410
Vagina,23_1_9076
Vagina,23_1_10883
Vagina,23_1_10946
Vagina,23_1_10947
Vagina,23_1_10948
AggravationOfPsoriasis,9_1_1064
Aggrevating,GenericControlProcess
Psoriasis,NAMEDSystemicDisease
Psoriasis,23_1_8900
Aggregating,SolidFasteningProcess
SolidFasteningProcess,FreeingOrFixingProcess
Aggression,AggressionOrAffability
Aggression,23_1_480
MenopauseProcess,NAMEDDevelopmentalProcess
MenopauseProcess,23_1_3924
AggressionSymptom,9_1_1065
GenericControlProcess,GenericProcess
Aging,9_1_10987
StateChangeProcess,ChangeProcess
increasing,unstable
AgitationOrRelaxation,MentalEnergyLevelSensation
MentalEnergyLevelSensation,EnergyLevelSensation
MentalEnergyLevelSensation,23_1_3331
Agonising,Stimulating
Stimulating,Facilitating
Agoraphobia,Phobia
Phobia,9_1_11320
Ailurus,Procyonidae
Procyonidae,Fissipedia
Air,NAMEDInorganicSubstance
Air,23_1_482
Air,23_1_483
Air,23_1_484
NAMEDInorganicSubstance,NAMEDNonBodySubstance
NAMEDInorganicSubstance,23_1_726
GaseousCarbonDioxide,9_1_11499
GaseousNitrogen,9_1_11833
GaseousOxygen,9_1_11284
AirEmbolism,9_1_1067
EmbolismProcess,NAMEDPathologicalProcess
EmbolismProcess,23_1_4458
AirPressure,9_1_10988
Pressure,PhysicalFeature
Space,SolidStructure
AirbornSubstance,NAMEDNonBodySubstance
NAMEDNonBodySubstance,Substance
NAMEDNonBodySubstance,23_1_4692
AirportRunway,CarriageWay
CarriageWay,BuiltStructure
AirportTaxiway,CarriageWay
Airway,NormalLumen
NormalLumen,9_1_5695
AirwayObstruction,9_1_1069
ObstructingLesion,9_1_5715
Ajellomyces,Dikaryomycota
Dikaryomycota,Mycete
Akathisia,AbnormalInvoluntaryMovement
Akathisia,23_1_143
AkathisiaSymptom,9_1_1070
AlaNasi,NAMEDHeadSurfaceBodyPart
AlaNasi,23_1_440
AlaNasi,23_1_488
NAMEDHeadSurfaceBodyPart,NAMEDSurfaceBodyPart
Alanine,AminoAcid
AminoAcid,OrganicComplexChemical
AminoAcid,23_1_281
AlanineAsDrug,9_1_1071
AlarCartilage,NAMEDCartilage
AlarCartilage,23_1_489
NAMEDCartilage,NAMEDSkeletalStructure
NAMEDCartilage,23_1_2731
AlarLigament,NAMEDLigament
AlarLigament,23_1_490
AlarLigament,23_1_491
ForamenMagna,NAMEDForamen
OdontoidPeg,BonyProcess
Albendazole,NAMEDActiveDrugIngredient
Albinism,NAMEDSyndrome
XLinkedRecessiveGeneInherited,recessiveGeneInherited
Albumin,Protein
Albumin,23_1_272
Protein,OrganicComplexChemical
AlbuminAsDrug,9_1_1073
Albuminuria,9_1_12491
Concentration,SubstanceFeature
Alclometasone,NAMEDActiveDrugIngredient
Alclometasone,23_1_495
CorticosteroidGroup,SteroidSkeletonGroup
AlclometasoneDipropionate,NAMEDActiveDrugIngredient
Alcloxa,NAMEDActiveDrugIngredient
Alcohol,OrganicComplexChemical
OrganicComplexChemical,ChemicalSubstance
AlcoholAsDrug,9_1_1076
AlcoholDependenceSyndrome,NAMEDSyndrome
AlcoholDependenceSyndrome,23_1_496
Alcoholism,9_1_1082
AlcoholDependentPatientsWhoContinueToDrink,NAMEDDrugClinicalFeature
NAMEDDrugClinicalFeature,DrugPharmaceuticalFeature
AlcoholIntake,9_1_11080
Volume,AbsoluteMeasurement
VoluntaryEating,DietaryAct
FoodRole,PhysiologicalRole
AlcoholIntoxication,9_1_11084
CognitiveImpairment,9_1_2713
CognitiveImpairment,23_1_143
PoisoningProcess,LifeDamagingProcess
AlcoholWithdrawal,9_1_1078
AlcoholicCardiomyopathy,9_1_1079
Cardiomyopathy,MyocardialDiseaseProcess
AlcoholicGastritis,9_1_13094
Ingestion,NAMEDDigestiveProcess
AlcoholicLotionBasicDrugForm,9_1_10900
alcoholicLotionDrugForm,lotionDrugForm
Ethanol,Alcohol
Ethanol,23_1_362
AlcuroniumChloride,NAMEDActiveDrugIngredient
AlderTree,Hamamelididae
AlderTree,Tree
Hamamelididae,Magnoliopsida
Tree,Angiosperms
Aldesleukin,Interleukin2AsDrug
Aldesleukin,23_1_503
Interleukin2AsDrug,9_1_4564
RecombinantProteinSynthesis,9_1_6662
AldesleukinAsDrug,9_1_1083
Aldioxa,NAMEDActiveDrugIngredient
Aldohexose,CarbohydrateSugar
CarbohydrateSugar,Carbohydrate
Aldosterone,NAMEDOrganicComplexChemical
Aldosterone,23_1_504
Aldosterone,23_1_505
SteroidSkeletonGroup,ChemicalGroup
MineralocorticoidRole,BiochemicalRole
AldosteroneConcentration,9_1_11000
LiquidBlood,9_1_10142
LiquidBlood,23_1_6863
LiquidBlood,23_1_6864
AldosteroneHormone,9_1_1085
HormoneRole,BiochemicalRole
Aldosteronism,NAMEDSystemicDisease
Aldosteronism,23_1_364
Aldosteronism,23_1_457
Aldosteronism,23_1_508
Aldosteronism,23_1_509
Aldosteronism,23_1_510
Aldosteronism,23_1_511
Aldosteronism,23_1_512
Aldosteronism,23_1_513
Headache,HeadPain
Headache,23_1_480
Hypervolaemia,9_1_12505
Hypervolaemia,23_1_143
LoweredSerumPotassiumConcentration,9_1_11985
Nocturia,9_1_12536
SystemicHypertension,Hypertension
SystemicHypertension,23_1_10275
Hyperaldosteronaemia,9_1_11089
AlendronicAcid,NAMEDActiveDrugIngredient
AlendronicAcid,23_1_514
BisphosphonateGroup,DrugChemicalGroup
Alexitol,NAMEDActiveDrugIngredient
AlexitolSodium,Alexitol
Alfentanil,NAMEDActiveDrugIngredient
Alfuzosin,NAMEDActiveDrugIngredient
AlfuzosinHydrochloride,Alfuzosin
Alga,Plant
Plant,MultiCellularEukaryota
AlginicAcid,NAMEDActiveDrugIngredient
Aligator,Reptile
Reptile,Vertebrate
Reptile,NonHuman
Aligning,Moving
Moving,Transport
Alismidae,Liliopsida
Liliopsida,Angiosperms
AliveOrDeadStatus,OrganismStatus
OrganismStatus,Status
Alkali,9_1_1086
AlkaliRole,AcidOrAlkaliRole
AlkalinePhosphatase,NAMEDEnzyme
Alkalinisation,pHAlteration
AlkalinisationOfUrine,NAMEDRenalDisease
Alkaloid,OrganicComplexChemical
Alkalosis,NAMEDSystemicDisease
Alkalosis,23_1_516
RaisedBloodpH,9_1_13425
AlkylationProcess,ChemicalReaction
Allantoin,NAMEDActiveDrugIngredient
Allergen,9_1_1087
AllergyProcess,9_1_1097
AllergicAlveolitis,9_1_1088
Alveolitis,9_1_1117
AllergicBlepharoconjunctivitis,9_1_9033
AllergicInflammation,9_1_1092
Conjunctiva,NAMEDSensoryPart
Conjunctiva,23_1_644
Conjunctiva,23_1_3156
Conjunctiva,23_1_3595
Conjunctiva,23_1_3596
Conjunctiva,23_1_3597
Palpebrum,NAMEDHeadSurfaceBodyPart
Palpebrum,23_1_3162
Palpebrum,23_1_3607
Palpebrum,23_1_8057
Palpebrum,23_1_8058
Palpebrum,23_1_8059
Palpebrum,23_1_8060
Palpebrum,23_1_8061
Palpebrum,23_1_8062
Palpebrum,23_1_8063
Palpebrum,23_1_8064
AllergicConjunctivitis,9_1_1089
ConjunctivalInflammation,9_1_2931
AllergicDermatitis,9_1_1090
AllergicDisorder,9_1_1091
AllergicRhinitis,9_1_1093
Rhinitis,9_1_10646
AllergicRole,PathologicalRole
AllergicSkinDisorder,9_1_1094
SkinPathology,9_1_7241
AllergicUrticaria,9_1_1095
Urticaria,9_1_8309
HypersensitivityProcess,9_1_4354
HypersensitivityProcess,23_1_143
AllergicVasculitis,9_1_1096
Vasculitis,9_1_8944
Allieviating,GenericControlProcess
Allograft,9_1_1098
Graft,9_1_4105
geneticRelativeDonor,nonPatientDonor
Allopurinol,NAMEDActiveDrugIngredient
AllpyralG,NAMEDActiveDrugIngredient
AllylamineChemical,9_1_1099
AllylamineGroup,DrugChemicalGroup
AllylamineChemicalAsDrug,9_1_1100
DrugChemicalGroup,ChemicalGroup
Allyloestrenol,NAMEDActiveDrugIngredient
Almasilate,NAMEDActiveDrugIngredient
Almond,Nut
Nut,PlantDerivative
AlmondOil,NAMEDActiveDrugIngredient
Almotriptan,NAMEDActiveDrugIngredient
Aloin,NAMEDActiveDrugIngredient
Alopecia,HairLosingProcess
HairLosingProcess,NAMEDSkinProcess
AlopeciaAreata,LocalisedScalpAlopecia
LocalisedScalpAlopecia,9_1_11097
AlopeciaCapitisTotalis,9_1_11096
ScalpAlopecia,9_1_6928
Completeness,ProcessFeature
total,CompletenessState
Alopex,Canidae
Canidae,Fissipedia
Aloxiprin,NAMEDActiveDrugIngredient
AlphaAdrenergicReceptor,AdrenergicReceptor
AlphaBlockade,9_1_1102
AlphaBrainWave,EEGBrainWave
EEGBrainWave,Signal
EEGBrainWave,23_1_4347
AlphaGluconidase,AcidHydrolase
Glycogen,ComplexCarbohydrate
AlphaGlucosidase,NAMEDActiveDrugIngredient
AlphaHaemolyticStreptococcus,Streptococcus
Streptococcus,Bacterium
Haemolysin,NAMEDEnzyme
AlphaIsletCell,IsletCell
IsletCell,EpithelialOrSecretoryCell
Glucagon,Peptide
Glucagon,23_1_507
AlphaTocopherylAcetate,Tocopherol
Tocopherol,NAMEDOrganicComplexChemical
AlphaTwoAdrenergicReceptor,AlphaAdrenergicReceptor
AlphaherpesVirus,Virus
Alprazolam,NAMEDActiveDrugIngredient
Alprazolam,23_1_533
BenzodiazepineGroup,DrugChemicalGroup
AlprostadilAsDrug,9_1_1105
ProstaglandinE1,EGroupProstaglandin
Alseroxylon,NAMEDActiveDrugIngredient
AltemeierMethod,NAMEDEponymousMethod
NAMEDEponymousMethod,NAMEDSurgicalAccompanyingProcess
Alteplase,NAMEDActiveDrugIngredient
AlterationInSerumCholesterol,NAMEDMetabolicPathologicalProcess
NAMEDMetabolicPathologicalProcess,9_1_5509
AlterationsInRespiratoryFunction,NAMEDRespiratorySystemDiseaseProcess
NAMEDRespiratorySystemDiseaseProcess,PathologicalProcess
NAMEDRespiratorySystemDiseaseProcess,23_1_1222
Alternaria,Dematiacea
Dematiacea,Hyphomycete
AlternativeRoute,BodyConnection
AlternativeRoute,23_1_534
AlternativeRouteForming,9_1_1106
AlternativeRouteForming,23_1_534
Constructing,CreatingProcess
Altretamine,NAMEDActiveDrugIngredient
Alum,NAMEDActiveDrugIngredient
Aluminium,ElementalChemical
Aluminium,Metal
Metal,InorganicComplexChemical
AluminiumAcetate,NAMEDActiveDrugIngredient
AluminiumChloride,NAMEDComplexChemical
AluminiumChloride,23_1_536
AluminiumChlorideAsDrug,9_1_1107
AluminiumCompound,9_1_1108
AluminiumHydroxide,NAMEDComplexChemical
AluminiumHydroxide,23_1_536
AluminiumHydroxychloride,NAMEDActiveDrugIngredient
AluminiumHydroxychloride,23_1_536
AluminiumOxide,NAMEDComplexChemical
AluminiumOxide,23_1_536
AluminiumPotassiumSulphate,NAMEDActiveDrugIngredient
AluminiumPotassiumSulphate,23_1_537
AluminiumPotassiumSulphate,23_1_538
Ammonium,OrganicComplexChemical
Potassium,ElementalChemical
Potassium,Metal
Potassium,23_1_272
AluminiumSodiumSuccinate,NAMEDActiveDrugIngredient
AluminiumSodiumSuccinate,23_1_536
Alveolus,NAMEDRespiratoryBodyPart
Alveolus,23_1_553
AlveolarBoneResorption,9_1_1110
ChemicalResorption,NAMEDMetabolicProcess
AlveolarPartOfBone,9_1_8967
Deflating,StateChangeProcess
AlveolarCyst,9_1_1112
PathologicalCyst,9_1_6018
PathologicalCyst,23_1_689
AlveolarExudate,9_1_1113
AlveolarExudate,23_1_544
Exudate,Effusion
ImpairedRespiratoryGasExchange,9_1_11923
AlveolarFibrosis,9_1_1114
FibrosisLesion,9_1_3784
ToothSocket,NAMEDOralCavityBodyPart
ToothSocket,23_1_10605
ToothSocket,23_1_10606
ToothSocket,23_1_10607
Fibrinolysis,9_1_3778
Fibrin,Protein
BloodClot,9_1_2172
BloodClot,23_1_2493
BloodClot,23_1_2494
Extracting,SolidRemovingProcess
Tooth,NAMEDOralCavityBodyPart
Tooth,23_1_440
Tooth,23_1_10598
Tooth,23_1_10599
Tooth,23_1_10600
Tooth,23_1_10601
Tooth,23_1_10602
Bone,NAMEDSkeletalStructure
Bone,23_1_2586
AlveolarPartOfMandible,9_1_8968
BodyOfMandible,9_1_2221
BodyOfMandible,23_1_16
BodyOfMandible,23_1_2544
BodyOfMandible,23_1_2545
BodyOfMandible,23_1_2546
BodyOfMandible,23_1_2547
BodyOfMandible,23_1_2548
BodyOfMandible,23_1_2549
AlveolarPartOfMaxilla,9_1_8969
Maxilla,FlatBone
Maxilla,23_1_440
Maxilla,23_1_4805
Maxilla,23_1_6850
Maxilla,23_1_7153
Maxilla,23_1_7154
Maxilla,23_1_7155
Maxilla,23_1_7156
Maxilla,23_1_7157
Maxilla,23_1_7158
Maxilla,23_1_7159
Maxilla,23_1_7160
Maxilla,23_1_7161
Maxilla,23_1_7162
Maxilla,23_1_7163
Maxilla,23_1_7164
Maxilla,23_1_7165
AlveolarPathology,9_1_1116
NAMEDRespiratoryBodyPart,NAMEDInternalBodyPart
NAMEDRespiratoryBodyPart,23_1_2608
Diffusing,NAMEDMolecularMovementProcess
Gas,9_1_3979
tubularTopology,9_1_1863
AlverineCitrate,NAMEDActiveDrugIngredient
AlzheimersDisease,NAMEDDisorder
AlzheimersDisease,23_1_554
AlzheimersDisease,23_1_555
AlzheimersDisease,23_1_556
AlzheimersDisease,23_1_557
AlzheimersDisease,23_1_558
Amnesia,9_1_12516
Amnesia,23_1_143
BrainAtrophy,9_1_2307
Confusion,ConfusionOrLucidity
Confusion,23_1_143
EnvironmentalDisorientation,OrientationOrDisorientation
AmantadineHydrochloride,NAMEDActiveDrugIngredient
Amaranth,NAMEDActiveDrugIngredient
AmaurosisFugax,9_1_11115
Blindness,9_1_11493
transient,veryShortTime
AmbientHighTemperature,9_1_11118
AmbientTemperature,9_1_1121
AmbientLowTemperature,9_1_11117
Temperature,PhysicalFeature
GRAILExteriorOfBody,NAMEDnonBodyStructure
AmbiguousGenitalia,9_1_11121
ExternalGenitalia,NAMEDTrunkBodyPart
ExternalGenitalia,23_1_16
ExternalGenitalia,23_1_4676
PhenotypicalSex,Sex
indeterminateSex,SexState
AmbiguousGonad,9_1_11125
Gonad,9_1_4094
Gonad,23_1_5452
Amblyomma,Ixodidae
Ixodidae,Ixodoidea
AmblyommaAmericanum,Amblyomma
AmblyommaCajennense,Amblyomma
AmblyommaHebraeum,Amblyomma
AmblyommaMaculatum,Amblyomma
AmblyommaVariegatum,Amblyomma
Amblyopia,NAMEDEyeDiseaseProcess
NAMEDEyeDiseaseProcess,EyePathology
Ambucetamide,NAMEDActiveDrugIngredient
Ambutonium,NAMEDActiveDrugIngredient
AmbutoniumBromide,Ambutonium
Amenorrhoea,9_1_11127
Amenorrhoea,23_1_143
AnterogradeMenstrualFlow,9_1_11302
Americium,ElementalChemical
Americium,RareEarthMetal
RareEarthMetal,HeavyMetal
Amethocaine,NAMEDActiveDrugIngredient
AmethocaineHydrochloride,Amethocaine
Amide,OrganicComplexChemical
Amifostine,NAMEDActiveDrugIngredient
Amikacin,NAMEDActiveDrugIngredient
Amikacin,23_1_562
AminoglycosideGroup,DrugChemicalGroup
Amiloride,NAMEDActiveDrugIngredient
AmilorideHydrochloride,Amiloride
AminoSugar,OrganicComplexChemical
AminoaceticAcid,NAMEDActiveDrugIngredient
Aminoaciduria,9_1_12492
AminobenzoicAcid,NAMEDActiveDrugIngredient
Aminoglutethimide,NAMEDActiveDrugIngredient
Aminoglutethimide,23_1_269
AminoglycosideChemical,9_1_1124
AminoglycosideChemicalAsDrug,9_1_1125
AminolevulinateDehydratasePorphyria,Porphyria
AminolevulinateDehydratasePorphyria,23_1_344
AminolevulinateDehydratasePorphyria,23_1_563
HyperAminolevulinaemia,9_1_11892
AnabolicProcess,MetabolicProcess
Uroporphyrin,Porphyrin
PorphobilinogenSynthase,NAMEDEnzyme
AminolevulinicAcid,OrganicAcid
OrganicAcid,OrganicComplexChemical
OrganicAcid,23_1_281
AminolevulinicAcidSynthase,NAMEDEnzyme
Aminophylline,NAMEDActiveDrugIngredient
Aminophylline,23_1_567
TheophyllineGroup,DrugChemicalGroup
AminophyllineHydrate,Aminophylline
Aminotransferase,NAMEDEnzyme
Amiodarone,NAMEDActiveDrugIngredient
AmiodaroneHydrochloride,Amiodarone
Amisulpride,NAMEDActiveDrugIngredient
Amitriptyline,NAMEDActiveDrugIngredient
Amitriptyline,23_1_568
TricyclicGroup,DrugChemicalGroup
AmitriptylineHydrochloride,Amitriptyline
Amlodipine,NAMEDActiveDrugIngredient
Amlodipine,23_1_569
DihydropyridineGroup,ChemicalGroup
AmlodipineBesylate,Amlodipine
Ammonia,NAMEDComplexChemical
AmmoniaAsDrug,9_1_1128
AmmoniumAcetate,NAMEDActiveDrugIngredient
AmmoniumBicarbonate,NAMEDActiveDrugIngredient
AmmoniumBicarbonate,23_1_537
AmmoniumBicarbonate,23_1_570
Bicarbonate,ChemicalBase
Bicarbonate,23_1_272
AmmoniumChloride,NAMEDActiveDrugIngredient
AmmoniumChloride,23_1_537
AmmoniumSalicylate,NAMEDActiveDrugIngredient
AmmoniumSalicylate,23_1_537
AmmoniumSalicylate,23_1_571
SalicylateDrugGroup,DrugChemicalGroup
AmmoniumSalt,9_1_1129
MemoryRetrievalProcess,MemoryManagementProcess
LongTermMemory,9_1_5063
AmnesiaSymptom,9_1_1130
Amniocentesis,NAMEDTreatmentAct
NAMEDTreatmentAct,TreatmentAct
AmnioticCavityRoute,9_1_1131
IntraAmnioticSpace,NAMEDBodySpace
IntraAmnioticSpace,23_1_2466
IntraAmnioticSpace,23_1_6281
IntraAmnioticSpace,23_1_6282
AmnioticFluid,NAMEDBodySubstance
AmnioticFluid,23_1_574
NAMEDBodySubstance,Substance
NAMEDBodySubstance,23_1_2578
ReproductiveSystem,FunctionalSystem
ReproductiveSystem,23_1_9142
AmnioticFluidEmbolism,9_1_1132
AmnioticMembrane,NAMEDMembrane
AmnioticMembrane,23_1_575
AmnioticMembrane,23_1_576
AmnioticMembrane,23_1_577
AmnioticMembrane,23_1_578
AmnioticMembrane,23_1_579
NAMEDMembrane,Membrane
ExtraAmnioticSpace,NAMEDBodySpace
ExtraAmnioticSpace,23_1_2466
ExtraAmnioticSpace,23_1_4693
trulyHollowTopology,9_1_1297
Conception,NAMEDReproductiveProcess
Conception,23_1_3551
Conception,23_1_3552
Conception,23_1_3553
Conception,23_1_3554
Conception,23_1_3555
Amodiaquine,NAMEDActiveDrugIngredient
AmodiaquineHydrochloride,Amodiaquine
Protozoa,Animal
Protozoa,MicroOrganism
Protozoa,23_1_253
Amorolfine,NAMEDActiveDrugIngredient
AmorolfineHydrochloride,Amorolfine
Amoxapine,NAMEDActiveDrugIngredient
Amoxapine,23_1_568
Amoxil,NAMEDActiveDrugIngredient
Amoxycillin,NAMEDActiveDrugIngredient
Amoxycillin,23_1_580
PenicillinGroup,BetaLactamGroup
AmoxycillinSodium,Amoxycillin
AmoxycillinTrihydrate,Amoxycillin
Amphetamine,NAMEDActiveDrugIngredient
Amphibian,Vertebrate
Vertebrate,Chordata
AmphoricBreathSound,BreathSound
Amphotericin,NAMEDActiveDrugIngredient
Amphotericin,23_1_581
PolyeneGroup,DrugChemicalGroup
AmphotericinColloidal,Amphotericin
AmphotericinInLipidComplex,Amphotericin
AmphotericinLiposomal,Amphotericin
Ampicillin,NAMEDActiveDrugIngredient
Ampicillin,23_1_580
AmpicillinSodium,Ampicillin
AmpicillinTrihydrate,Ampicillin
AmplitudeAmplification,NAMEDPhysicalProcess
NAMEDPhysicalProcess,PhysicalProcess
AmplitudeAttenuation,NAMEDPhysicalProcess
Amprenavir,NAMEDActiveDrugIngredient
Ampulla,GenericBodyStructure
GenericBodyStructure,BodyStructure
GenericBodyStructure,23_1_680
AmpullaOfSalpinx,NAMEDFemaleGenitalTractBodyPart
NAMEDFemaleGenitalTractBodyPart,NAMEDGenitalTractBodyPart
AmpullaOfSemicircularCanal,9_1_1133
SemicircularCanal,Canal
SemicircularCanal,23_1_9512
AmpullaOfVater,NAMEDDuct
AmpullaOfVater,23_1_583
AmpullaOfVater,23_1_584
AmpullaOfVater,23_1_585
NAMEDDuct,Duct
DuodenalPapilla,9_1_3403
DuodenalPapilla,23_1_553
DuodenalPapilla,23_1_4299
CommonBileDuct,BileDuct
CommonBileDuct,23_1_3375
MainPancreaticDuct,PancreaticDuct
MainPancreaticDuct,23_1_2447
MainPancreaticDuct,23_1_7038
AmpullarNerve,NAMEDNerve
Amputating,DisconnectionProcess
DisconnectionProcess,SolidFreeingProcess
Amsacrine,NAMEDActiveDrugIngredient
AmsacrineLactate,Amsacrine
AmsacrineLactate,23_1_586
LacticAcid,NAMEDAcid
LacticAcid,23_1_272
AmurLeopard,Panthera
Panthera,Felidae
AmylAcetate,NAMEDActiveDrugIngredient
AmylNitrate,NAMEDActiveDrugIngredient
Amylase,Glucosidase
Glucosidase,NAMEDEnzyme
Amylmetacresol,NAMEDActiveDrugIngredient
Amylo16Glucosidase,AcidHydrolase
Amylobarbitone,NAMEDActiveDrugIngredient
Amylobarbitone,23_1_587
BarbiturateGroup,DrugChemicalGroup
AmylobarbitoneSodium,Amylobarbitone
Amyloglucantransferase,AcidHydrolase
AmyloidDeposition,9_1_1134
ChemicalDeposition,NAMEDMetabolicProcess
AmyloidProtein,Protein
AmyloidSubstance,NAMEDBodySubstance
Amyloidosis,NAMEDSystemicDisease
Anacardiaceae,Sapindales
Sapindales,Rosidae
AnaerobicMetabolicProcess,9_1_10895
obligateAnaerobic,OxygenDependancy
Anaesthesia,OrganismFeature
AnaesthesiaState,OrganismState
AnaestheticGasDevice,9_1_12345
ClinicalSpeciality,OrganismFeature
Anaesthetics,ClinicalSpecialityState
AnaestheticGasOrVapour,9_1_12518
Drug,9_1_3374
PhysicalState,SubstanceFeature
gaseous,PhysicalStateState
ClinicalSpecialityState,OrganismState
AnaestheticsSpeciality,9_1_1137
Anaesthetising,NAMEDTreatmentAct
Stool,Device
PhysicallySupporting,Holding
Doctor,9_1_3357
Doctor,23_1_2959
AnalAtresia,9_1_1140
Anus,SurfaceOpening
Anus,23_1_16
Anus,23_1_1468
Anus,23_1_1469
Anus,23_1_1470
Anus,23_1_1471
Anus,23_1_1472
Anus,23_1_1473
AnalCanal,Canal
Canal,BodySpace
AnalColumn,NAMEDGITractBodyPart
AnalColumn,23_1_594
NAMEDGITractBodyPart,NAMEDInternalBodyPart
NAMEDGITractBodyPart,23_1_2437
AnalWall,9_1_1147
AnalWall,23_1_602
AnalWall,23_1_603
AnalCrypt,NAMEDGITractBodyPart
AnalCrypt,23_1_595
AnalDischarge,9_1_13143
DischargeLesion,9_1_3230
Discharge,Flow
Discharge,23_1_143
AnalDischargeSymptom,9_1_11149
SymptomOfDischarge,9_1_7748
AnalExamination,9_1_10180
AnalFibroma,9_1_13028
Fibroblast,ConnectiveTissueCell
AnalHaemorrhageSymptom,9_1_1144
BleedingSymptom,9_1_2157
AnalMargin,9_1_1145
Edge,GenericBodyStructure
AnalPathology,9_1_1146
AnalPenetration,SexualPenetration
SexualPenetration,NAMEDSexualProcess
AnalSphincter,NAMEDGITractBodyPart
AnalSphincter,NAMEDSphincter
AnalSphincter,23_1_599
AnalSphincter,23_1_600
NAMEDSphincter,Sphincter
SphincterAniMuscle,NAMEDStriatedMuscle
SphincterAniMuscle,23_1_612
SphincterAniMuscle,23_1_9863
AnalWallMucosa,9_1_1148
Analgesia,9_1_1149
Pain,9_1_5895
Pain,23_1_206
Analogue,NAMEDDrugClinicalFeature