ContainmentAttribute,ContainmentAttribute
isNonCausallyLinkedTo,isNonCausallyLinkedTo
HasDivision,HasDivision
InverseContainmentAttribute,InverseContainmentAttribute
hasNonCausalLinkTo,hasNonCausalLinkTo
hasFeature,hasFeature
InverseTemporalModifierAttribute,InverseTemporalModifierAttribute
IsDivisionOf,IsDivisionOf
LocativeAttribute,LocativeAttribute
isFeatureOf,isFeatureOf
StatusAttribute,StatusAttribute
actsOn,actsOn
actsSpecificallyAtLevel,actsSpecificallyAtLevel
actsSpecificallyOn,actsSpecificallyOn
boundsSpace,boundsSpace
connects,connects
definesSpace,definesSpace
isFunctionOf,isFunctionOf
follows,follows
hasAbnormalityStatus,hasAbnormalityStatus
hasAbsoluteState,hasAbsoluteState
hasAbstractDirection,hasAbstractDirection
hasDimension,hasDimension
hasCausalLinkTo,hasCausalLinkTo
hasAcquisitionMode,hasAcquisitionMode
hasAdjustability,hasAdjustability
hasAge,hasAge
hasPartitiveConnection,hasPartitiveConnection
hasAnaesthesia,hasAnaesthesia
hasAnswer,hasAnswer
hasAnteriorPosteriorSelector,hasAnteriorPosteriorSelector
hasAnteroRetrogradeSelector,hasAnteroRetrogradeSelector
hasAppropriateness,hasAppropriateness
hasAssertedDiseaseClass,hasAssertedDiseaseClass
hasBeneficialStatus,hasBeneficialStatus
hasBilateralUnilateralSelector,hasBilateralUnilateralSelector
hasCellMorphology,hasCellMorphology
hasCentralPeripheralSelector,hasCentralPeripheralSelector
hasChangeInState,hasChangeInState
hasChemicalProcessType,hasChemicalProcessType
hasChemicalSubgroup,hasChemicalSubgroup
hasMixedThroughout,hasMixedThroughout
hasChronicity,hasChronicity
hasClinicalAppearance,hasClinicalAppearance
hasClinicalSpeciality,hasClinicalSpeciality
hasCoherence,hasCoherence
hasColinearityWith,hasColinearityWith
passesThrough,passesThrough
hasColour,hasColour
hasCompleteness,hasCompleteness
hasConsequence,hasConsequence
hasConfidenceLevelStatus,hasConfidenceLevelStatus
hasContextOfUse,hasContextOfUse
hasParallelToIt,hasParallelToIt
hasCountability,hasCountability
hasDevelopmentalStatus,hasDevelopmentalStatus
hasDiameter,hasDiameter
hasDirectionOfTransport,hasDirectionOfTransport
hasDiseaseAnalogy,hasDiseaseAnalogy
hasDiseaseCourseStage,hasDiseaseCourseStage
hasDiseaseProcessExtent,hasDiseaseProcessExtent
hasDissolvedWithin,hasDissolvedWithin
hasDistribution,hasDistribution
hasDominance,hasDominance
hasDonorOrigin,hasDonorOrigin
hasDorsalVentralSelector,hasDorsalVentralSelector
hasDrugFeature,hasDrugFeature
hasDryness,hasDryness
hasDuration,hasDuration
hasEase,hasEase
hasEctopicSupernumeraryStatus,hasEctopicSupernumeraryStatus
hasEffectiveness,hasEffectiveness
hasEndPoint,hasEndPoint
hasQuantity,hasQuantity
hasEpithelialCiliation,hasEpithelialCiliation
hasEpithelialLayering,hasEpithelialLayering
hasExistence,hasExistence
hasExpectedLevelState,hasExpectedLevelState
hasExposureTo,hasExposureTo
hasFormulationAtDelivery,hasFormulationAtDelivery
hasFormulationComplex,hasFormulationComplex
hasFractureComplexity,hasFractureComplexity
hasFrameOfReference,hasFrameOfReference
hasFrequency,hasFrequency
hasFunction,hasFunction
hasStructuralComponent,hasStructuralComponent
hasGait,hasGait
hasGeneticZygocity,hasGeneticZygocity
hasGoal,hasGoal
hasGreaterLesserSelector,hasGreaterLesserSelector
hasImmediacy,hasImmediacy
hasImmediateConsequence,hasImmediateConsequence
hasImplantability,hasImplantability
hasInSuspensionWithin,hasInSuspensionWithin
hasIndicationStatus,hasIndicationStatus
hasIngredient,hasIngredient
isMadeOf,isMadeOf
hasInnerOuterSelector,hasInnerOuterSelector
hasInstructionConditionalStatus,hasInstructionConditionalStatus
hasInstructionStatus,hasInstructionStatus
hasIntentionality,hasIntentionality
hasInternalExternalSelector,hasInternalExternalSelector
hasIntrauterineBodyPosition,hasIntrauterineBodyPosition
hasIntrinsicAbnormalityStatus,hasIntrinsicAbnormalityStatus
hasIntrinsicPathologicalStatus,hasIntrinsicPathologicalStatus
hasInvestigationResultStatus,hasInvestigationResultStatus
hasIonisationFeature,hasIonisationFeature
hasKnowledgeStatus,hasKnowledgeStatus
hasLayer,hasLayer
hasLeftRightSelector,hasLeftRightSelector
hasLinearDivision,hasLinearDivision
hasLocation,hasLocation
hasLongBoneFractureType,hasLongBoneFractureType
hasMagnitude,hasMagnitude
hasMajorMinorSelector,hasMajorMinorSelector
hasMalignancy,hasMalignancy
hasMass,hasMass
hasMedialLateralSelector,hasMedialLateralSelector
hasMetastaticStatus,hasMetastaticStatus
partitivelyContains,partitivelyContains
hasMotionSmoothness,hasMotionSmoothness
hasMultipleLocation,hasMultipleLocation
hasSubprocess,hasSubprocess
hasNodularity,hasNodularity
hasNumber,hasNumber
hasOcclusalNonOcclusalSelector,hasOcclusalNonOcclusalSelector
hasOdour,hasOdour
hasOrdinalPosition,hasOrdinalPosition
hasOverlappingStatus,hasOverlappingStatus
hasPalpability,hasPalpability
hasParadoxicalStatus,hasParadoxicalStatus
hasParity,hasParity
hasPatency,hasPatency
hasPathologicalStatus,hasPathologicalStatus
hasPermanence,hasPermanence
hasPersonPerforming,hasPersonPerforming
hasPersonalityType,hasPersonalityType
hasPhenotypicalSex,hasPhenotypicalSex
hasPhysicalMeans,hasPhysicalMeans
hasPhysicalPresentation,hasPhysicalPresentation
hasPhysicalState,hasPhysicalState
hasPigmentation,hasPigmentation
hasPowerSource,hasPowerSource
hasPresenceAbsence,hasPresenceAbsence
hasProcessActivity,hasProcessActivity
hasProminence,hasProminence
hasProximalDistalSelector,hasProximalDistalSelector
hasProximity,hasProximity
hasQuality,hasQuality
hasRadioluscence,hasRadioluscence
hasRange,hasRange
hasRelationshipToWhole,hasRelationshipToWhole
hasReusability,hasReusability
hasReversibility,hasReversibility
hasRevisionStatus,hasRevisionStatus
hasRigidity,hasRigidity
hasScope,hasScope
hasSensitivity,hasSensitivity
hasSeverity,hasSeverity
hasSexualMaturation,hasSexualMaturation
hasShape,hasShape
hasShapeAnalagousTo,hasShapeAnalagousTo
hasSignalAmplitude,hasSignalAmplitude
hasSimpleComplexSelector,hasSimpleComplexSelector
hasSize,hasSize
hasSkullFractureType,hasSkullFractureType
hasSolidDivision,hasSolidDivision
hasSolubility,hasSolubility
hasSpecificConsequence,hasSpecificConsequence
hasSpecificFunction,hasSpecificFunction
hasSpecificGoal,hasSpecificGoal
hasSpecificImmediateComplication,hasSpecificImmediateComplication
hasSpecificImmediateConsequence,hasSpecificImmediateConsequence
hasSpecificLayer,hasSpecificLayer
hasSpecificLocation,hasSpecificLocation
hasSpecificPersonPerforming,hasSpecificPersonPerforming
hasSpecificPhase,hasSpecificPhase
hasSpecificPhysicalMeans,hasSpecificPhysicalMeans
hasSpecificProximity,hasSpecificProximity
hasSpecificSolidDivision,hasSpecificSolidDivision
hasSpecificStructuralComponent,hasSpecificStructuralComponent
hasSpecificSubprocess,hasSpecificSubprocess
hasSpeed,hasSpeed
hasSpontaneity,hasSpontaneity
hasSquintConcomitance,hasSquintConcomitance
hasStartPoint,hasStartPoint
hasStructuralExtent,hasStructuralExtent
hasSuddeness,hasSuddeness
hasSuperficialDeepSelector,hasSuperficialDeepSelector
hasSuperiorInferiorSelector,hasSuperiorInferiorSelector
hasSurfaceVisibility,hasSurfaceVisibility
hasSurgicalExtent,hasSurgicalExtent
hasSurgicalOpenClosedness,hasSurgicalOpenClosedness
hasSymptomCharacter,hasSymptomCharacter
hasSynchronicity,hasSynchronicity
hasSyndromeElement,hasSyndromeElement
hasTasteFeature,hasTasteFeature
hasTemperature,hasTemperature
hasTemporalPattern,hasTemporalPattern
hasTimeOfOccurrence,hasTimeOfOccurrence
hasTimingAppropriateness,hasTimingAppropriateness
hasTopology,hasTopology
hasToughness,hasToughness
hasTransparency,hasTransparency
hasTreatmentStatus,hasTreatmentStatus
hasTreatmentTractability,hasTreatmentTractability
hasTrendInState,hasTrendInState
hasTumourHistology,hasTumourHistology
hasUniqueAssociatedDisplacement,hasUniqueAssociatedDisplacement
hasUniqueAssociatedProcess,hasUniqueAssociatedProcess
isSpecificImmediateConsequenceOf,isSpecificImmediateConsequenceOf
hasUniqueAssociatedStructure,hasUniqueAssociatedStructure
hasUnit,hasUnit
hasUpperLowerSelector,hasUpperLowerSelector
hasUrgency,hasUrgency
hasUsefulness,hasUsefulness
hasUsualReporter,hasUsualReporter
hasVerticalDepth,hasVerticalDepth
hasViability,hasViability
hasVisceralParietalSelector,hasVisceralParietalSelector
hasVolume,hasVolume
involvesProcess,involvesProcess
isAbsoluteStateOf,isAbsoluteStateOf
isDimensionOf,isDimensionOf
isCausallyLinkedTo,isCausallyLinkedTo
isActedOnBy,isActedOnBy
isActedOnSpecificallyBy,isActedOnSpecificallyBy
isAcuityOf,isAcuityOf
isAlphaConnectionOf,isAlphaConnectionOf
isAlphaPartitiveConnectionOf,isAlphaPartitiveConnectionOf
isPartitiveConnectionOf,isPartitiveConnectionOf
isAnswerOf,isAnswerOf
isAssociatedWith,isAssociatedWith
isBetaConnectionOf,isBetaConnectionOf
isBetaPartitiveConnectionOf,isBetaPartitiveConnectionOf
isBlindPouchDivisionOf,isBlindPouchDivisionOf
isBodyPositionOf,isBodyPositionOf
isBranchOf,isBranchOf
isCapabilityOf,isCapabilityOf
isCellMorphologyOf,isCellMorphologyOf
isCharacterisedBy,isCharacterisedBy
isMixedThroughout,isMixedThroughout
isColourOf,isColourOf
isComplicationOf,isComplicationOf
isConsequenceOf,isConsequenceOf
isConcentrationOf,isConcentrationOf
isConnectionOf,isConnectionOf
isConsistencyOf,isConsistencyOf
isConvergentWith,isConvergentWith
isNotParallelTo,isNotParallelTo
isCountConcentrationOf,isCountConcentrationOf
isDensityOf,isDensityOf
isDeterminedBy,isDeterminedBy
isGoalOf,isGoalOf
isDiameterOf,isDiameterOf
isDisplacementFrom,isDisplacementFrom
isDisplacementTo,isDisplacementTo
isDissolvedWithin,isDissolvedWithin
isDistributionOf,isDistributionOf
isDivergentWith,isDivergentWith
isDrugFeatureOf,isDrugFeatureOf
isDrynessOf,isDrynessOf
isDurationOf,isDurationOf
isEffectivenessOf,isEffectivenessOf
isEnactmentOf,isEnactmentOf
isQuantityOf,isQuantityOf
isEnergyAmountOf,isEnergyAmountOf
isExistenceOf,isExistenceOf
isExposedTo,isExposedTo
isFollowedBy,isFollowedBy
isFrequencyOf,isFrequencyOf
isFunctionalComponentOf,isFunctionalComponentOf
isStructuralComponentOf,isStructuralComponentOf
isGammaPartitiveConnectionOf,isGammaPartitiveConnectionOf
isHistoryOf,isHistoryOf
isImmediateConsequenceOf,isImmediateConsequenceOf
isInSuspensionWithin,isInSuspensionWithin
makesUp,makesUp
isLateConsequenceOf,isLateConsequenceOf
isLayerOf,isLayerOf
isLengthOf,isLengthOf
isLinearDivisionOf,isLinearDivisionOf
isLocationOf,isLocationOf
isLocativelyContainedIn,isLocativelyContainedIn
isNonPartitivelyContainedIn,isNonPartitivelyContainedIn
isMainlyCharacterisedBy,isMainlyCharacterisedBy
isMassOf,isMassOf
isPartitivelyContainedIn,isPartitivelyContainedIn
isMultipleOf,isMultipleOf
isSubprocessOf,isSubprocessOf
isOdourOf,isOdourOf
isPairedOrUnpaired,isPairedOrUnpaired
isPersonPerforming,isPersonPerforming
isPhysicalMeansOf,isPhysicalMeansOf
isPigmentationOf,isPigmentationOf
isPositionedAbove,isPositionedAbove
isPositionedAnteriorTo,isPositionedAnteriorTo
isPositionedBelow,isPositionedBelow
isPositionedDeepTo,isPositionedDeepTo
isPositionedDistalTo,isPositionedDistalTo
isPositionedInferiorTo,isPositionedInferiorTo
isPositionedPosteriorTo,isPositionedPosteriorTo
isPositionedProximalTo,isPositionedProximalTo
isPositionedSuperficialTo,isPositionedSuperficialTo
isPositionedSuperiorTo,isPositionedSuperiorTo
isPresenceAbsenceOf,isPresenceAbsenceOf
isPressureOf,isPressureOf
isProcessActivityOf,isProcessActivityOf
isQualityOf,isQualityOf
isRangeOf,isRangeOf
isRigidityOf,isRigidityOf
isScopeOf,isScopeOf
isSensitivityOf,isSensitivityOf
isServedBy,isServedBy
isSeverityOf,isSeverityOf
isShapeOf,isShapeOf
isSignalAmplitudeOf,isSignalAmplitudeOf
isSignalFrequencyOf,isSignalFrequencyOf
isSizeOf,isSizeOf
isSolidDivisionOf,isSolidDivisionOf
isSoundTimbreOf,isSoundTimbreOf
isSpaceBoundedBy,isSpaceBoundedBy
isSpaceDefinedBy,isSpaceDefinedBy
isSpecificAnswerOf,isSpecificAnswerOf
isSpecificComplicationOf,isSpecificComplicationOf
isSpecificConsequenceOf,isSpecificConsequenceOf
isSpecificFunctionOf,isSpecificFunctionOf
isSpecificFunctionalComponentOf,isSpecificFunctionalComponentOf
isSpecificGoalOf,isSpecificGoalOf
isSpecificLateConsequenceOf,isSpecificLateConsequenceOf
isSpecificLayerOf,isSpecificLayerOf
isSpecificLinearDivisionOf,isSpecificLinearDivisionOf
isSpecificLocationOf,isSpecificLocationOf
isSpecificPersonPerforming,isSpecificPersonPerforming
isSpecificPhaseOf,isSpecificPhaseOf
isSpecificPhysicalMeansOf,isSpecificPhysicalMeansOf
isSpecificSolidDivisionOf,isSpecificSolidDivisionOf
isSpecificStructuralComponentOf,isSpecificStructuralComponentOf
isSpecificSubprocessOf,isSpecificSubprocessOf
isSpecificSurfaceDivisionOf,isSpecificSurfaceDivisionOf
isSurfaceDivisionOf,isSurfaceDivisionOf
isSpecificallyMadeOf,isSpecificallyMadeOf
isSpecificallyNonPartitivelyContainedIn,isSpecificallyNonPartitivelyContainedIn
isSpecificallyPartitivelyContainedIn,isSpecificallyPartitivelyContainedIn
isSpecificallyServedBy,isSpecificallyServedBy
isSpecificallyToDetermine,isSpecificallyToDetermine
isToDetermine,isToDetermine
isSpeedOf,isSpeedOf
isStrengthOf,isStrengthOf
isSymptomCharacterOf,isSymptomCharacterOf
isSymptomOf,isSymptomOf
isSynchronicityOf,isSynchronicityOf
isSyndromeElementOf,isSyndromeElementOf
isTemperatureOf,isTemperatureOf
isTemporalPatternOf,isTemporalPatternOf
isTextureOf,isTextureOf
isTimeOfOccurrenceOf,isTimeOfOccurrenceOf
isToughnessOf,isToughnessOf
isUniqueAssociatedDisplacementOf,isUniqueAssociatedDisplacementOf
isVerticalDepthOf,isVerticalDepthOf
isVolumeOf,isVolumeOf
isWithReferenceTo,isWithReferenceTo
locativelyContains,locativelyContains
nonPartitivelyContains,nonPartitivelyContains
occursDuring,occursDuring
playsClinicalRole,playsClinicalRole
playsConsultationRole,playsConsultationRole
playsNumericalRole,playsNumericalRole
playsPathologicalRole,playsPathologicalRole
playsPhysiologicalRole,playsPhysiologicalRole
playsRelativeImportanceRole,playsRelativeImportanceRole
playsSocialRole,playsSocialRole
serves,serves
specificallyMakesUp,specificallyMakesUp
specificallyNonPartitivelyContains,specificallyNonPartitivelyContains
specificallyPartitivelyContains,specificallyPartitivelyContains
specificallyServes,specificallyServes
ContainmentAttribute,DelimitingAttribute
ContainmentAttribute,StructuralAttribute
ContainmentAttribute,InverseAttribute
ContainmentAttribute,InverseConstructiveAttribute
ContainmentAttribute,InverseDomainAttribute
isNonCausallyLinkedTo,Attribute
isNonCausallyLinkedTo,ConstructiveAttribute
isNonCausallyLinkedTo,DomainAttribute
isNonCausallyLinkedTo,LocativeAttribute
HasDivision,StructuralPartitiveAttribute
HasDivision,InverseAttribute
HasDivision,InverseConstructiveAttribute
HasDivision,InverseDomainAttribute
HasDivision,PartitiveAttribute
InverseContainmentAttribute,Attribute
InverseContainmentAttribute,ConstructiveAttribute
InverseContainmentAttribute,DomainAttribute
InverseContainmentAttribute,InverseDelimitingAttribute
InverseContainmentAttribute,InverseStructuralAttribute
hasNonCausalLinkTo,InverseAttribute
hasNonCausalLinkTo,InverseConstructiveAttribute
hasNonCausalLinkTo,InverseDomainAttribute
hasNonCausalLinkTo,InverseLocativeAttribute
hasFeature,InverseAttribute
hasFeature,InverseModifierAttribute
hasFeature,InverseConstructiveAttribute
hasFeature,InverseDomainAttribute
hasFeature,InverseFeatureStateAttribute
hasFeature,hasNonCausalLinkTo
hasFeature,InverseLocativeAttribute
InverseTemporalModifierAttribute,InverseAttribute
InverseTemporalModifierAttribute,InverseModifierAttribute
InverseTemporalModifierAttribute,InverseConstructiveAttribute
InverseTemporalModifierAttribute,InverseDomainAttribute
InverseTemporalModifierAttribute,InverseFeatureStateAttribute
InverseTemporalModifierAttribute,hasNonCausalLinkTo
InverseTemporalModifierAttribute,InverseLocativeAttribute
InverseTemporalModifierAttribute,hasFeature
IsDivisionOf,Attribute
IsDivisionOf,ConstructiveAttribute
IsDivisionOf,DomainAttribute
IsDivisionOf,InversePartitiveAttribute
IsDivisionOf,InverseStructuralPartitiveAttribute
LocativeAttribute,Attribute
LocativeAttribute,ConstructiveAttribute
LocativeAttribute,DomainAttribute
isFeatureOf,Attribute
isFeatureOf,ModifierAttribute
isFeatureOf,ConstructiveAttribute
isFeatureOf,DomainAttribute
isFeatureOf,FeatureStateAttribute
isFeatureOf,isNonCausallyLinkedTo
isFeatureOf,LocativeAttribute
StatusAttribute,Attribute
StatusAttribute,ModifierAttribute
StatusAttribute,DomainAttribute
actsOn,Attribute
actsOn,ConstructiveAttribute
actsOn,DomainAttribute
actsOn,isNonCausallyLinkedTo
actsOn,FunctionalAttribute
actsOn,LocativeAttribute
actsOn,ProcessLocativeAttribute
actsSpecificallyAtLevel,Attribute
actsSpecificallyAtLevel,ConstructiveAttribute
actsSpecificallyAtLevel,DomainAttribute
actsSpecificallyAtLevel,isNonCausallyLinkedTo
actsSpecificallyAtLevel,FunctionalAttribute
actsSpecificallyAtLevel,LocativeAttribute
actsSpecificallyAtLevel,ProcessLocativeAttribute
actsSpecificallyAtLevel,actsOn
actsSpecificallyOn,Attribute
actsSpecificallyOn,ConstructiveAttribute
actsSpecificallyOn,DomainAttribute
actsSpecificallyOn,isNonCausallyLinkedTo
actsSpecificallyOn,FunctionalAttribute
actsSpecificallyOn,LocativeAttribute
actsSpecificallyOn,ProcessLocativeAttribute
actsSpecificallyOn,actsOn
boundsSpace,DelimitingAttribute
boundsSpace,StructuralAttribute
boundsSpace,InverseAttribute
boundsSpace,InverseConstructiveAttribute
boundsSpace,InverseDomainAttribute
connects,StructuralAttribute
connects,InverseAttribute
connects,InverseConstructiveAttribute
connects,InverseDomainAttribute
isFunctionOf,Attribute
isFunctionOf,ConstructiveAttribute
isFunctionOf,DomainAttribute
isFunctionOf,isNonCausallyLinkedTo
isFunctionOf,FunctionalAttribute
isFunctionOf,LocativeAttribute
isFunctionOf,ProcessLocativeAttribute
hasAbnormalityStatus,Attribute
hasAbnormalityStatus,ModifierAttribute
hasAbnormalityStatus,DomainAttribute
hasAbnormalityStatus,StatusAttribute
hasAbsoluteState,InverseAttribute
hasAbsoluteState,InverseModifierAttribute
hasAbsoluteState,InverseConstructiveAttribute
hasAbsoluteState,InverseDomainAttribute
hasAbsoluteState,InverseFeatureStateAttribute
hasAbsoluteState,hasNonCausalLinkTo
hasAbsoluteState,InverseLocativeAttribute
hasAbsoluteState,hasState
hasAbstractDirection,InverseAttribute
hasAbstractDirection,InverseProcessModifierAttribute
hasAbstractDirection,InverseModifierAttribute
hasAbstractDirection,InverseConstructiveAttribute
hasAbstractDirection,InverseDomainAttribute
hasAbstractDirection,InverseFeatureStateAttribute
hasAbstractDirection,hasNonCausalLinkTo
hasAbstractDirection,InverseLocativeAttribute
hasAbstractDirection,hasFeature
hasDimension,InverseAttribute
hasDimension,InverseModifierAttribute
hasDimension,InverseConstructiveAttribute
hasDimension,InverseDomainAttribute
hasDimension,InverseFeatureStateAttribute
hasDimension,hasNonCausalLinkTo
hasDimension,InverseLocativeAttribute
hasDimension,hasFeature
hasDimension,InverseStructuralModifierAttribute
hasCausalLinkTo,InverseAttribute
hasCausalLinkTo,InverseConstructiveAttribute
hasCausalLinkTo,InverseDomainAttribute
hasCausalLinkTo,InverseLocativeAttribute
hasAcquisitionMode,InverseAttribute
hasAcquisitionMode,InverseProcessModifierAttribute
hasAcquisitionMode,InverseModifierAttribute
hasAcquisitionMode,InverseConstructiveAttribute
hasAcquisitionMode,InverseDomainAttribute
hasAcquisitionMode,InverseDiseaseProcessAttribute
hasAcquisitionMode,InverseFeatureStateAttribute
hasAcquisitionMode,hasNonCausalLinkTo
hasAcquisitionMode,InverseLocativeAttribute
hasAcquisitionMode,hasFeature
hasAdjustability,InverseStructuralFunctionModifier
hasAge,InverseAttribute
hasAge,InverseModifierAttribute
hasAge,InverseConstructiveAttribute
hasAge,InverseDomainAttribute
hasAge,InverseFeatureStateAttribute
hasAge,hasNonCausalLinkTo
hasAge,InverseLocativeAttribute
hasAge,InverseOrganismModifier
hasAge,hasFeature
hasPartitiveConnection,StructuralAttribute
hasPartitiveConnection,HasDivision
hasPartitiveConnection,StructuralPartitiveAttribute
hasPartitiveConnection,InverseAttribute
hasPartitiveConnection,InverseConstructiveAttribute
hasPartitiveConnection,InverseDomainAttribute
hasPartitiveConnection,PartitiveAttribute
hasPartitiveConnection,connects
hasPartitiveConnection,hasStructuralComponent
hasAnaesthesia,InverseAttribute
hasAnaesthesia,InverseModifierAttribute
hasAnaesthesia,InverseConstructiveAttribute
hasAnaesthesia,InverseDomainAttribute
hasAnaesthesia,InverseFeatureStateAttribute
hasAnaesthesia,hasNonCausalLinkTo
hasAnaesthesia,InverseLocativeAttribute
hasAnaesthesia,InverseOrganismModifier
hasAnaesthesia,hasFeature
hasAnswer,InverseAttribute
hasAnswer,InverseConstructiveAttribute
hasAnswer,InverseDomainAttribute
hasAnswer,InverseLocativeAttribute
hasAnswer,hasCausalLinkTo
hasAnteriorPosteriorSelector,Attribute
hasAnteriorPosteriorSelector,ModifierAttribute
hasAnteriorPosteriorSelector,DomainAttribute
hasAnteriorPosteriorSelector,SelectorAttribute
hasAnteriorPosteriorSelector,StructuralSelectorAttribute
hasAnteriorPosteriorSelector,hasPositionalSelector
hasAnteroRetrogradeSelector,Attribute
hasAnteroRetrogradeSelector,ModifierAttribute
hasAnteroRetrogradeSelector,DomainAttribute
hasAnteroRetrogradeSelector,SelectorAttribute
hasAnteroRetrogradeSelector,StructuralSelectorAttribute
hasAnteroRetrogradeSelector,hasDirectionalSelector
hasAppropriateness,InverseAttribute
hasAppropriateness,InverseProcessModifierAttribute
hasAppropriateness,InverseModifierAttribute
hasAppropriateness,InverseConstructiveAttribute
hasAppropriateness,InverseDomainAttribute
hasAppropriateness,InverseFeatureStateAttribute
hasAppropriateness,hasNonCausalLinkTo
hasAppropriateness,InverseLocativeAttribute
hasAppropriateness,hasFeature
hasAppropriateness,InverseVolitionalProcessModifier
hasAssertedDiseaseClass,Attribute
hasAssertedDiseaseClass,ModifierAttribute
hasAssertedDiseaseClass,DomainAttribute
hasAssertedDiseaseClass,StatusAttribute
hasBeneficialStatus,Attribute
hasBeneficialStatus,ModifierAttribute
hasBeneficialStatus,DomainAttribute
hasBeneficialStatus,StatusAttribute
hasBilateralUnilateralSelector,Attribute
hasBilateralUnilateralSelector,ModifierAttribute
hasBilateralUnilateralSelector,DomainAttribute
hasBilateralUnilateralSelector,SelectorAttribute
hasBilateralUnilateralSelector,StructuralSelectorAttribute
hasBilateralUnilateralSelector,hasPositionalSelector
hasCellMorphology,InverseAttribute
hasCellMorphology,InverseModifierAttribute
hasCellMorphology,InverseConstructiveAttribute
hasCellMorphology,InverseDomainAttribute
hasCellMorphology,InverseFeatureStateAttribute
hasCellMorphology,hasNonCausalLinkTo
hasCellMorphology,InverseLocativeAttribute
hasCellMorphology,hasFeature
hasCellMorphology,InverseStructuralAppearanceModifier
hasCellMorphology,InverseStructuralModifierAttribute
hasCentralPeripheralSelector,Attribute
hasCentralPeripheralSelector,ModifierAttribute
hasCentralPeripheralSelector,DomainAttribute
hasCentralPeripheralSelector,SelectorAttribute
hasCentralPeripheralSelector,StructuralSelectorAttribute
hasCentralPeripheralSelector,hasPositionalSelector
hasChangeInState,InverseAttribute
hasChangeInState,InverseModifierAttribute
hasChangeInState,InverseConstructiveAttribute
hasChangeInState,InverseDomainAttribute
hasChangeInState,InverseFeatureStateAttribute
hasChangeInState,hasNonCausalLinkTo
hasChangeInState,InverseLocativeAttribute
hasChangeInState,hasState
hasChemicalProcessType,InverseAttribute
hasChemicalProcessType,InverseChemicalProcessAttribute
hasChemicalProcessType,InverseProcessModifierAttribute
hasChemicalProcessType,InverseModifierAttribute
hasChemicalProcessType,InverseConstructiveAttribute
hasChemicalProcessType,InverseDomainAttribute
hasChemicalProcessType,InverseFeatureStateAttribute
hasChemicalProcessType,hasNonCausalLinkTo
hasChemicalProcessType,InverseLocativeAttribute
hasChemicalProcessType,hasFeature
hasChemicalSubgroup,ContainmentAttribute
hasChemicalSubgroup,DelimitingAttribute
hasChemicalSubgroup,StructuralAttribute
hasChemicalSubgroup,HasDivision
hasChemicalSubgroup,StructuralPartitiveAttribute
hasChemicalSubgroup,InverseAttribute
hasChemicalSubgroup,InverseConstructiveAttribute
hasChemicalSubgroup,InverseDomainAttribute
hasChemicalSubgroup,PartitiveAttribute
hasChemicalSubgroup,hasMixedThroughout
hasChemicalSubgroup,hasStructuralComponent
hasChemicalSubgroup,partitivelyContains
hasMixedThroughout,ContainmentAttribute
hasMixedThroughout,DelimitingAttribute
hasMixedThroughout,StructuralAttribute
hasMixedThroughout,HasDivision
hasMixedThroughout,StructuralPartitiveAttribute
hasMixedThroughout,InverseAttribute
hasMixedThroughout,InverseConstructiveAttribute
hasMixedThroughout,InverseDomainAttribute
hasMixedThroughout,PartitiveAttribute
hasMixedThroughout,hasStructuralComponent
hasMixedThroughout,partitivelyContains
hasChronicity,InverseAttribute
hasChronicity,InverseModifierAttribute
hasChronicity,InverseConstructiveAttribute
hasChronicity,InverseDomainAttribute
hasChronicity,InverseFeatureStateAttribute
hasChronicity,hasNonCausalLinkTo
hasChronicity,InverseLocativeAttribute
hasChronicity,hasFeature
hasChronicity,InverseTemporalModifierAttribute
hasClinicalAppearance,InverseAttribute
hasClinicalAppearance,InverseProcessModifierAttribute
hasClinicalAppearance,InverseModifierAttribute
hasClinicalAppearance,InverseConstructiveAttribute
hasClinicalAppearance,InverseDomainAttribute
hasClinicalAppearance,InverseDiseaseProcessAttribute
hasClinicalAppearance,InverseFeatureStateAttribute
hasClinicalAppearance,hasNonCausalLinkTo
hasClinicalAppearance,InverseLocativeAttribute
hasClinicalAppearance,hasFeature
hasClinicalSpeciality,InverseAttribute
hasClinicalSpeciality,InverseModifierAttribute
hasClinicalSpeciality,InverseConstructiveAttribute
hasClinicalSpeciality,InverseDomainAttribute
hasClinicalSpeciality,InverseFeatureStateAttribute
hasClinicalSpeciality,hasNonCausalLinkTo
hasClinicalSpeciality,InverseLocativeAttribute
hasClinicalSpeciality,InverseOrganismModifier
hasClinicalSpeciality,hasFeature
hasCoherence,InverseAttribute
hasCoherence,InverseModifierAttribute
hasCoherence,InverseConstructiveAttribute
hasCoherence,InverseDomainAttribute
hasCoherence,InverseFeatureStateAttribute
hasCoherence,hasNonCausalLinkTo
hasCoherence,InverseLocativeAttribute
hasCoherence,hasFeature
hasCoherence,InverseStructuralModifierAttribute
hasCoherence,InverseStructuralFunctionModifier
hasColinearityWith,DelimitingAttribute
hasColinearityWith,StructuralAttribute
hasColinearityWith,InverseAttribute
hasColinearityWith,InverseConstructiveAttribute
hasColinearityWith,InverseDomainAttribute
hasColinearityWith,LinearDelimitingAttribute
hasColinearityWith,passesThrough
passesThrough,DelimitingAttribute
passesThrough,StructuralAttribute
passesThrough,InverseAttribute
passesThrough,InverseConstructiveAttribute
passesThrough,InverseDomainAttribute
passesThrough,LinearDelimitingAttribute
hasColour,InverseAttribute
hasColour,InverseModifierAttribute
hasColour,InverseConstructiveAttribute
hasColour,InverseDomainAttribute
hasColour,InverseFeatureStateAttribute
hasColour,hasNonCausalLinkTo
hasColour,InverseLocativeAttribute
hasColour,hasFeature
hasColour,InverseStructuralAppearanceModifier
hasColour,InverseStructuralModifierAttribute
hasCompleteness,InverseAttribute
hasCompleteness,InverseProcessModifierAttribute
hasCompleteness,InverseModifierAttribute
hasCompleteness,InverseConstructiveAttribute
hasCompleteness,InverseDomainAttribute
hasCompleteness,InverseFeatureStateAttribute
hasCompleteness,hasNonCausalLinkTo
hasCompleteness,InverseLocativeAttribute
hasCompleteness,hasFeature
hasConsequence,InverseAttribute
hasConsequence,InverseConstructiveAttribute
hasConsequence,InverseDomainAttribute
hasConsequence,InverseLocativeAttribute
hasConsequence,hasCausalLinkTo
hasConfidenceLevelStatus,Attribute
hasConfidenceLevelStatus,ModifierAttribute
hasConfidenceLevelStatus,DomainAttribute
hasConfidenceLevelStatus,StatusAttribute
hasContextOfUse,InverseAttribute
hasContextOfUse,InverseModifierAttribute
hasContextOfUse,InverseConstructiveAttribute
hasContextOfUse,InverseDomainAttribute
hasContextOfUse,InverseFeatureStateAttribute
hasContextOfUse,hasNonCausalLinkTo
hasContextOfUse,InverseLocativeAttribute
hasContextOfUse,hasFeature
hasContextOfUse,InverseStructuralModifierAttribute
hasContextOfUse,InverseStructuralFunctionModifier
hasParallelToIt,DelimitingAttribute
hasParallelToIt,StructuralAttribute
hasParallelToIt,InverseAttribute
hasParallelToIt,InverseConstructiveAttribute
hasParallelToIt,InverseDomainAttribute
hasParallelToIt,LinearDelimitingAttribute
hasCountability,Attribute
hasCountability,ModifierAttribute
hasCountability,DomainAttribute
hasCountability,StatusAttribute
hasDevelopmentalStatus,InverseAttribute
hasDevelopmentalStatus,InverseModifierAttribute
hasDevelopmentalStatus,InverseConstructiveAttribute
hasDevelopmentalStatus,InverseDomainAttribute
hasDevelopmentalStatus,InverseFeatureStateAttribute
hasDevelopmentalStatus,hasNonCausalLinkTo
hasDevelopmentalStatus,InverseLocativeAttribute
hasDevelopmentalStatus,hasFeature
hasDevelopmentalStatus,InverseStructuralAppearanceModifier
hasDevelopmentalStatus,InverseStructuralModifierAttribute
hasDiameter,InverseAttribute
hasDiameter,InverseModifierAttribute
hasDiameter,InverseConstructiveAttribute
hasDiameter,InverseDomainAttribute
hasDiameter,InverseFeatureStateAttribute
hasDiameter,hasNonCausalLinkTo
hasDiameter,InverseLocativeAttribute
hasDiameter,hasFeature
hasDiameter,InverseStructuralModifierAttribute
hasDiameter,hasDimension
hasDirectionOfTransport,InverseAttribute
hasDirectionOfTransport,InverseProcessModifierAttribute
hasDirectionOfTransport,InverseModifierAttribute
hasDirectionOfTransport,InverseConstructiveAttribute
hasDirectionOfTransport,InverseDomainAttribute
hasDirectionOfTransport,InverseFeatureStateAttribute
hasDirectionOfTransport,hasNonCausalLinkTo
hasDirectionOfTransport,InverseLocativeAttribute
hasDirectionOfTransport,hasFeature
hasDiseaseAnalogy,InverseAttribute
hasDiseaseAnalogy,InverseProcessModifierAttribute
hasDiseaseAnalogy,InverseModifierAttribute
hasDiseaseAnalogy,InverseConstructiveAttribute
hasDiseaseAnalogy,InverseDomainAttribute
hasDiseaseAnalogy,InverseDiseaseProcessAttribute
hasDiseaseAnalogy,InverseFeatureStateAttribute
hasDiseaseAnalogy,hasNonCausalLinkTo
hasDiseaseAnalogy,InverseLocativeAttribute
hasDiseaseAnalogy,hasFeature
hasDiseaseCourseStage,InverseAttribute
hasDiseaseCourseStage,InverseProcessModifierAttribute
hasDiseaseCourseStage,InverseModifierAttribute
hasDiseaseCourseStage,InverseConstructiveAttribute
hasDiseaseCourseStage,InverseDomainAttribute
hasDiseaseCourseStage,InverseDiseaseProcessAttribute
hasDiseaseCourseStage,InverseFeatureStateAttribute
hasDiseaseCourseStage,hasNonCausalLinkTo
hasDiseaseCourseStage,InverseLocativeAttribute
hasDiseaseCourseStage,hasFeature
hasDiseaseCourseStage,hasDiseaseStage
hasDiseaseProcessExtent,InverseAttribute
hasDiseaseProcessExtent,InverseProcessModifierAttribute
hasDiseaseProcessExtent,InverseModifierAttribute
hasDiseaseProcessExtent,InverseConstructiveAttribute
hasDiseaseProcessExtent,InverseDomainAttribute
hasDiseaseProcessExtent,InverseDiseaseProcessAttribute
hasDiseaseProcessExtent,InverseFeatureStateAttribute
hasDiseaseProcessExtent,hasNonCausalLinkTo
hasDiseaseProcessExtent,InverseLocativeAttribute
hasDiseaseProcessExtent,hasFeature
hasDissolvedWithin,ContainmentAttribute
hasDissolvedWithin,DelimitingAttribute
hasDissolvedWithin,StructuralAttribute
hasDissolvedWithin,HasDivision
hasDissolvedWithin,StructuralPartitiveAttribute
hasDissolvedWithin,InverseAttribute
hasDissolvedWithin,InverseConstructiveAttribute
hasDissolvedWithin,InverseDomainAttribute
hasDissolvedWithin,PartitiveAttribute
hasDissolvedWithin,hasMixedThroughout
hasDissolvedWithin,hasStructuralComponent
hasDissolvedWithin,partitivelyContains
hasDistribution,InverseAttribute
hasDistribution,InverseModifierAttribute
hasDistribution,InverseConstructiveAttribute
hasDistribution,InverseDomainAttribute
hasDistribution,InverseFeatureStateAttribute
hasDistribution,hasNonCausalLinkTo
hasDistribution,InverseLocativeAttribute
hasDistribution,hasFeature
hasDistribution,InverseStructuralAppearanceModifier
hasDistribution,InverseStructuralModifierAttribute
hasDominance,InverseAttribute
hasDominance,InverseProcessModifierAttribute
hasDominance,InverseModifierAttribute
hasDominance,InverseConstructiveAttribute
hasDominance,InverseDomainAttribute
hasDominance,InverseFeatureStateAttribute
hasDominance,hasNonCausalLinkTo
hasDominance,InverseLocativeAttribute
hasDominance,hasFeature
hasDonorOrigin,Attribute
hasDonorOrigin,ModifierAttribute
hasDonorOrigin,DomainAttribute
hasDonorOrigin,StatusAttribute
hasDorsalVentralSelector,Attribute
hasDorsalVentralSelector,ModifierAttribute
hasDorsalVentralSelector,DomainAttribute
hasDorsalVentralSelector,SelectorAttribute
hasDorsalVentralSelector,StructuralSelectorAttribute
hasDorsalVentralSelector,hasPositionalSelector
hasDrugFeature,InverseAttribute
hasDrugFeature,InverseSubstanceModifierAttribute
hasDrugFeature,InverseModifierAttribute
hasDrugFeature,InverseConstructiveAttribute
hasDrugFeature,InverseDomainAttribute
hasDrugFeature,InverseFeatureStateAttribute
hasDrugFeature,hasNonCausalLinkTo
hasDrugFeature,InverseLocativeAttribute
hasDrugFeature,hasFeature
hasDryness,InverseAttribute
hasDryness,InverseSubstanceModifierAttribute
hasDryness,InverseModifierAttribute
hasDryness,InverseConstructiveAttribute
hasDryness,InverseDomainAttribute
hasDryness,InverseFeatureStateAttribute
hasDryness,hasNonCausalLinkTo
hasDryness,InverseLocativeAttribute
hasDryness,hasFeature
hasDuration,InverseAttribute
hasDuration,InverseModifierAttribute
hasDuration,InverseConstructiveAttribute
hasDuration,InverseDomainAttribute
hasDuration,InverseFeatureStateAttribute
hasDuration,hasNonCausalLinkTo
hasDuration,InverseLocativeAttribute
hasDuration,hasFeature
hasDuration,InverseTemporalModifierAttribute
hasEase,InverseAttribute
hasEase,InverseProcessModifierAttribute
hasEase,InverseModifierAttribute
hasEase,InverseConstructiveAttribute
hasEase,InverseDomainAttribute
hasEase,InverseDiseaseProcessAttribute
hasEase,InverseFeatureStateAttribute
hasEase,hasNonCausalLinkTo
hasEase,InverseLocativeAttribute
hasEase,hasFeature
hasEctopicSupernumeraryStatus,Attribute
hasEctopicSupernumeraryStatus,ModifierAttribute
hasEctopicSupernumeraryStatus,DomainAttribute
hasEctopicSupernumeraryStatus,StatusAttribute
hasEffectiveness,InverseAttribute
hasEffectiveness,InverseProcessModifierAttribute
hasEffectiveness,InverseModifierAttribute
hasEffectiveness,InverseConstructiveAttribute
hasEffectiveness,InverseDomainAttribute
hasEffectiveness,InverseFeatureStateAttribute
hasEffectiveness,hasNonCausalLinkTo
hasEffectiveness,InverseLocativeAttribute
hasEffectiveness,hasFeature
hasEndPoint,InverseAttribute
hasEndPoint,InverseModifierAttribute
hasEndPoint,InverseConstructiveAttribute
hasEndPoint,InverseDomainAttribute
hasEndPoint,InverseFeatureStateAttribute
hasEndPoint,hasNonCausalLinkTo
hasEndPoint,InverseLocativeAttribute
hasEndPoint,hasState
hasEndPoint,hasQuantity
hasQuantity,InverseAttribute
hasQuantity,InverseModifierAttribute
hasQuantity,InverseConstructiveAttribute
hasQuantity,InverseDomainAttribute
hasQuantity,InverseFeatureStateAttribute
hasQuantity,hasNonCausalLinkTo
hasQuantity,InverseLocativeAttribute
hasQuantity,hasState
hasEpithelialCiliation,InverseAttribute
hasEpithelialCiliation,InverseModifierAttribute
hasEpithelialCiliation,InverseConstructiveAttribute
hasEpithelialCiliation,InverseDomainAttribute
hasEpithelialCiliation,InverseFeatureStateAttribute
hasEpithelialCiliation,hasNonCausalLinkTo
hasEpithelialCiliation,InverseLocativeAttribute
hasEpithelialCiliation,hasFeature
hasEpithelialCiliation,InverseStructuralAppearanceModifier
hasEpithelialCiliation,InverseStructuralModifierAttribute
hasEpithelialCiliation,hasEpithelialMorphology
hasEpithelialLayering,InverseAttribute
hasEpithelialLayering,InverseModifierAttribute
hasEpithelialLayering,InverseConstructiveAttribute
hasEpithelialLayering,InverseDomainAttribute
hasEpithelialLayering,InverseFeatureStateAttribute
hasEpithelialLayering,hasNonCausalLinkTo
hasEpithelialLayering,InverseLocativeAttribute
hasEpithelialLayering,hasFeature
hasEpithelialLayering,InverseStructuralAppearanceModifier
hasEpithelialLayering,InverseStructuralModifierAttribute
hasEpithelialLayering,hasEpithelialMorphology
hasExistence,ExistentialModifierAttribute
hasExistence,ModalityAttribute
hasExistence,InverseAttribute
hasExistence,InverseModifierAttribute
hasExistence,InverseDomainAttribute
hasExpectedLevelState,InverseAttribute
hasExpectedLevelState,InverseModifierAttribute
hasExpectedLevelState,InverseConstructiveAttribute
hasExpectedLevelState,InverseDomainAttribute
hasExpectedLevelState,InverseFeatureStateAttribute
hasExpectedLevelState,hasNonCausalLinkTo
hasExpectedLevelState,InverseLocativeAttribute
hasExpectedLevelState,hasState
hasExposureTo,Attribute
hasExposureTo,ConstructiveAttribute
hasExposureTo,DomainAttribute
hasExposureTo,FunctionalAttribute
hasFormulationAtDelivery,InverseAttribute
hasFormulationAtDelivery,InverseSubstanceModifierAttribute
hasFormulationAtDelivery,InverseModifierAttribute
hasFormulationAtDelivery,InverseConstructiveAttribute
hasFormulationAtDelivery,InverseDomainAttribute
hasFormulationAtDelivery,InverseFeatureStateAttribute
hasFormulationAtDelivery,hasNonCausalLinkTo
hasFormulationAtDelivery,InverseLocativeAttribute
hasFormulationAtDelivery,hasFeature
hasFormulationAtDelivery,hasSimpleFormulation
hasFormulationComplex,InverseAttribute
hasFormulationComplex,InverseSubstanceModifierAttribute
hasFormulationComplex,InverseModifierAttribute
hasFormulationComplex,InverseConstructiveAttribute
hasFormulationComplex,InverseDomainAttribute
hasFormulationComplex,InverseFeatureStateAttribute
hasFormulationComplex,hasNonCausalLinkTo
hasFormulationComplex,InverseLocativeAttribute
hasFormulationComplex,hasFeature
hasFractureComplexity,InverseAttribute
hasFractureComplexity,InverseProcessModifierAttribute
hasFractureComplexity,InverseModifierAttribute
hasFractureComplexity,InverseConstructiveAttribute
hasFractureComplexity,InverseDomainAttribute
hasFractureComplexity,InverseDiseaseProcessAttribute
hasFractureComplexity,InverseFeatureStateAttribute
hasFractureComplexity,hasNonCausalLinkTo
hasFractureComplexity,InverseLocativeAttribute
hasFractureComplexity,hasFeature
hasFractureComplexity,hasFractureType
hasFrameOfReference,Attribute
hasFrameOfReference,ConstructiveAttribute
hasFrameOfReference,DomainAttribute
hasFrequency,InverseAttribute
hasFrequency,InverseModifierAttribute
hasFrequency,InverseConstructiveAttribute
hasFrequency,InverseDomainAttribute
hasFrequency,InverseFeatureStateAttribute
hasFrequency,hasNonCausalLinkTo
hasFrequency,InverseLocativeAttribute
hasFrequency,hasFeature
hasFrequency,InverseTemporalModifierAttribute
hasFunction,InverseAttribute
hasFunction,InverseConstructiveAttribute
hasFunction,InverseDomainAttribute
hasFunction,hasNonCausalLinkTo
hasFunction,InverseFunctionalAttribute
hasFunction,InverseLocativeAttribute
hasFunction,InverseProcessLocativeAttribute
hasStructuralComponent,HasDivision
hasStructuralComponent,StructuralPartitiveAttribute
hasStructuralComponent,InverseAttribute
hasStructuralComponent,InverseConstructiveAttribute
hasStructuralComponent,InverseDomainAttribute
hasStructuralComponent,PartitiveAttribute
hasGait,InverseAttribute
hasGait,InverseProcessModifierAttribute
hasGait,InverseModifierAttribute
hasGait,InverseConstructiveAttribute
hasGait,InverseDomainAttribute
hasGait,InverseFeatureStateAttribute
hasGait,hasNonCausalLinkTo
hasGait,InverseLocativeAttribute
hasGait,hasFeature
hasGeneticZygocity,InverseAttribute
hasGeneticZygocity,InverseProcessModifierAttribute
hasGeneticZygocity,InverseModifierAttribute
hasGeneticZygocity,InverseConstructiveAttribute
hasGeneticZygocity,InverseDomainAttribute
hasGeneticZygocity,InverseDiseaseProcessAttribute
hasGeneticZygocity,InverseFeatureStateAttribute
hasGeneticZygocity,hasNonCausalLinkTo
hasGeneticZygocity,InverseLocativeAttribute
hasGeneticZygocity,hasFeature
hasGoal,Attribute
hasGoal,ConstructiveAttribute
hasGoal,DomainAttribute
hasGoal,isNonCausallyLinkedTo
hasGoal,LocativeAttribute
hasGoal,ProcessLocativeAttribute
hasGreaterLesserSelector,Attribute
hasGreaterLesserSelector,ModifierAttribute
hasGreaterLesserSelector,DomainAttribute
hasGreaterLesserSelector,SelectorAttribute
hasGreaterLesserSelector,StructuralSelectorAttribute
hasGreaterLesserSelector,hasPositionalSelector
hasImmediacy,InverseAttribute
hasImmediacy,InverseModifierAttribute
hasImmediacy,InverseConstructiveAttribute
hasImmediacy,InverseDomainAttribute
hasImmediacy,InverseFeatureStateAttribute
hasImmediacy,hasNonCausalLinkTo
hasImmediacy,InverseLocativeAttribute
hasImmediacy,hasFeature
hasImmediacy,InverseTemporalModifierAttribute
hasImmediateConsequence,InverseAttribute
hasImmediateConsequence,InverseConstructiveAttribute
hasImmediateConsequence,InverseDomainAttribute
hasImmediateConsequence,InverseLocativeAttribute
hasImmediateConsequence,hasCausalLinkTo
hasImmediateConsequence,hasConsequence
hasImplantability,InverseAttribute
hasImplantability,InverseModifierAttribute
hasImplantability,InverseConstructiveAttribute
hasImplantability,InverseDomainAttribute
hasImplantability,InverseFeatureStateAttribute
hasImplantability,hasNonCausalLinkTo
hasImplantability,InverseLocativeAttribute
hasImplantability,hasFeature
hasImplantability,InverseStructuralModifierAttribute
hasImplantability,InverseStructuralFunctionModifier
hasInSuspensionWithin,ContainmentAttribute
hasInSuspensionWithin,DelimitingAttribute
hasInSuspensionWithin,StructuralAttribute
hasInSuspensionWithin,HasDivision
hasInSuspensionWithin,StructuralPartitiveAttribute
hasInSuspensionWithin,InverseAttribute
hasInSuspensionWithin,InverseConstructiveAttribute
hasInSuspensionWithin,InverseDomainAttribute
hasInSuspensionWithin,PartitiveAttribute
hasInSuspensionWithin,hasMixedThroughout
hasInSuspensionWithin,hasStructuralComponent
hasInSuspensionWithin,partitivelyContains
hasIndicationStatus,Attribute
hasIndicationStatus,ModifierAttribute
hasIndicationStatus,DomainAttribute
hasIndicationStatus,StatusAttribute
hasIngredient,StructuralPartitiveAttribute
hasIngredient,InverseAttribute
hasIngredient,InverseConstructiveAttribute
hasIngredient,InverseDomainAttribute
hasIngredient,PartitiveAttribute
hasIngredient,isMadeOf
isMadeOf,StructuralPartitiveAttribute
isMadeOf,InverseAttribute
isMadeOf,InverseConstructiveAttribute
isMadeOf,InverseDomainAttribute
isMadeOf,PartitiveAttribute
hasInnerOuterSelector,Attribute
hasInnerOuterSelector,ModifierAttribute
hasInnerOuterSelector,DomainAttribute
hasInnerOuterSelector,SelectorAttribute
hasInnerOuterSelector,StructuralSelectorAttribute
hasInnerOuterSelector,hasPositionalSelector
hasInstructionConditionalStatus,Attribute
hasInstructionConditionalStatus,ModifierAttribute
hasInstructionConditionalStatus,DomainAttribute
hasInstructionConditionalStatus,StatusAttribute
hasInstructionStatus,Attribute
hasInstructionStatus,ModifierAttribute
hasInstructionStatus,DomainAttribute
hasInstructionStatus,StatusAttribute
hasIntentionality,InverseAttribute
hasIntentionality,InverseProcessModifierAttribute
hasIntentionality,InverseModifierAttribute
hasIntentionality,InverseConstructiveAttribute
hasIntentionality,InverseDomainAttribute
hasIntentionality,InverseFeatureStateAttribute
hasIntentionality,hasNonCausalLinkTo
hasIntentionality,InverseLocativeAttribute
hasIntentionality,hasFeature
hasIntentionality,InverseVolitionalProcessModifier
hasInternalExternalSelector,Attribute
hasInternalExternalSelector,ModifierAttribute
hasInternalExternalSelector,DomainAttribute
hasInternalExternalSelector,SelectorAttribute
hasInternalExternalSelector,StructuralSelectorAttribute
hasInternalExternalSelector,hasPositionalSelector
hasIntrauterineBodyPosition,InverseAttribute
hasIntrauterineBodyPosition,InverseModifierAttribute
hasIntrauterineBodyPosition,InverseConstructiveAttribute
hasIntrauterineBodyPosition,InverseDomainAttribute
hasIntrauterineBodyPosition,InverseFeatureStateAttribute
hasIntrauterineBodyPosition,hasNonCausalLinkTo
hasIntrauterineBodyPosition,InverseLocativeAttribute
hasIntrauterineBodyPosition,InverseOrganismModifier
hasIntrauterineBodyPosition,hasFeature
hasIntrinsicAbnormalityStatus,Attribute
hasIntrinsicAbnormalityStatus,ModifierAttribute
hasIntrinsicAbnormalityStatus,DomainAttribute
hasIntrinsicAbnormalityStatus,StatusAttribute
hasIntrinsicPathologicalStatus,Attribute
hasIntrinsicPathologicalStatus,ModifierAttribute
hasIntrinsicPathologicalStatus,DomainAttribute
hasIntrinsicPathologicalStatus,StatusAttribute
hasInvestigationResultStatus,Attribute
hasInvestigationResultStatus,ModifierAttribute
hasInvestigationResultStatus,DomainAttribute
hasInvestigationResultStatus,StatusAttribute
hasIonisationFeature,InverseAttribute
hasIonisationFeature,InverseChemicalModifier
hasIonisationFeature,InverseSubstanceModifierAttribute
hasIonisationFeature,InverseModifierAttribute
hasIonisationFeature,InverseConstructiveAttribute
hasIonisationFeature,InverseDomainAttribute
hasIonisationFeature,InverseFeatureStateAttribute
hasIonisationFeature,hasNonCausalLinkTo
hasIonisationFeature,InverseLocativeAttribute
hasIonisationFeature,hasFeature
hasKnowledgeStatus,Attribute
hasKnowledgeStatus,ModifierAttribute
hasKnowledgeStatus,DomainAttribute
hasKnowledgeStatus,StatusAttribute
hasLayer,HasDivision
hasLayer,StructuralPartitiveAttribute
hasLayer,InverseAttribute
hasLayer,InverseConstructiveAttribute
hasLayer,InverseDomainAttribute
hasLayer,PartitiveAttribute
hasLayer,hasSolidRegion
hasLeftRightSelector,Attribute
hasLeftRightSelector,ModifierAttribute
hasLeftRightSelector,DomainAttribute
hasLeftRightSelector,SelectorAttribute
hasLeftRightSelector,StructuralSelectorAttribute
hasLeftRightSelector,hasPositionalSelector
hasLinearDivision,HasDivision
hasLinearDivision,StructuralPartitiveAttribute
hasLinearDivision,InverseAttribute
hasLinearDivision,InverseConstructiveAttribute
hasLinearDivision,InverseDomainAttribute
hasLinearDivision,PartitiveAttribute
hasLocation,Attribute
hasLocation,ConstructiveAttribute
hasLocation,DomainAttribute
hasLocation,isNonCausallyLinkedTo
hasLocation,LocativeAttribute
hasLocation,StructuralLocativeAttribute
hasLongBoneFractureType,InverseAttribute
hasLongBoneFractureType,InverseProcessModifierAttribute
hasLongBoneFractureType,InverseModifierAttribute
hasLongBoneFractureType,InverseConstructiveAttribute
hasLongBoneFractureType,InverseDomainAttribute
hasLongBoneFractureType,InverseDiseaseProcessAttribute
hasLongBoneFractureType,InverseFeatureStateAttribute
hasLongBoneFractureType,hasNonCausalLinkTo
hasLongBoneFractureType,InverseLocativeAttribute
hasLongBoneFractureType,hasFeature
hasLongBoneFractureType,hasFractureType
hasMagnitude,Attribute
hasMagnitude,ModifierAttribute
hasMagnitude,DomainAttribute
hasMagnitude,QuantityAttribute
hasMajorMinorSelector,Attribute
hasMajorMinorSelector,ModifierAttribute
hasMajorMinorSelector,DomainAttribute
hasMajorMinorSelector,SelectorAttribute
hasMalignancy,InverseAttribute
hasMalignancy,InverseProcessModifierAttribute
hasMalignancy,InverseModifierAttribute
hasMalignancy,InverseConstructiveAttribute
hasMalignancy,InverseDomainAttribute